tele_station_oldcode,station_name,tele_station_lat,tele_station_long,area_name,tambon_name,amphoe_name,province_name,agency_name,waterlevel_datetime,waterlevel_m,waterlevel_msl
STN0837,บ้านเล่าชีก๋วย*,20.144605,99.851191,ภาคเหนือ,ป่าตึง,แม่จัน,เชียงราย,กรมทรัพยากรน้ำ ,2021-03-01 00:00:00+07:00,,0.95
STN0029,บ้านแม่สาย (บ้านถ้ำผาจม)*,20.440285,99.873360,ภาคเหนือ,เวียงพางคำ,แม่สาย,เชียงราย,กรมทรัพยากรน้ำ ,2021-03-01 00:00:00+07:00,,1.1
STN0836,บ้านสามัคคีใหม่*,20.241488,99.766502,ภาคเหนือ,แม่สลองใน,แม่ฟ้าหลวง,เชียงราย,กรมทรัพยากรน้ำ ,2021-03-01 00:00:00+07:00,,0.24
STN0029,บ้านแม่สาย (บ้านถ้ำผาจม)*,20.440285,99.873360,ภาคเหนือ,เวียงพางคำ,แม่สาย,เชียงราย,กรมทรัพยากรน้ำ ,2021-03-01 00:30:00+07:00,,1.11
STN0837,บ้านเล่าชีก๋วย*,20.144605,99.851191,ภาคเหนือ,ป่าตึง,แม่จัน,เชียงราย,กรมทรัพยากรน้ำ ,2021-03-01 00:30:00+07:00,,0.95
STN0836,บ้านสามัคคีใหม่*,20.241488,99.766502,ภาคเหนือ,แม่สลองใน,แม่ฟ้าหลวง,เชียงราย,กรมทรัพยากรน้ำ ,2021-03-01 00:30:00+07:00,,0.24
STN0836,บ้านสามัคคีใหม่*,20.241488,99.766502,ภาคเหนือ,แม่สลองใน,แม่ฟ้าหลวง,เชียงราย,กรมทรัพยากรน้ำ ,2021-03-01 01:00:00+07:00,,0.23
STN0029,บ้านแม่สาย (บ้านถ้ำผาจม)*,20.440285,99.873360,ภาคเหนือ,เวียงพางคำ,แม่สาย,เชียงราย,กรมทรัพยากรน้ำ ,2021-03-01 01:00:00+07:00,,1.1
STN0837,บ้านเล่าชีก๋วย*,20.144605,99.851191,ภาคเหนือ,ป่าตึง,แม่จัน,เชียงราย,กรมทรัพยากรน้ำ ,2021-03-01 01:00:00+07:00,,0.95
STN0836,บ้านสามัคคีใหม่*,20.241488,99.766502,ภาคเหนือ,แม่สลองใน,แม่ฟ้าหลวง,เชียงราย,กรมทรัพยากรน้ำ ,2021-03-01 01:30:00+07:00,,0.24
STN0029,บ้านแม่สาย (บ้านถ้ำผาจม)*,20.440285,99.873360,ภาคเหนือ,เวียงพางคำ,แม่สาย,เชียงราย,กรมทรัพยากรน้ำ ,2021-03-01 01:30:00+07:00,,1.11
STN0837,บ้านเล่าชีก๋วย*,20.144605,99.851191,ภาคเหนือ,ป่าตึง,แม่จัน,เชียงราย,กรมทรัพยากรน้ำ ,2021-03-01 01:30:00+07:00,,0.95
STN0836,บ้านสามัคคีใหม่*,20.241488,99.766502,ภาคเหนือ,แม่สลองใน,แม่ฟ้าหลวง,เชียงราย,กรมทรัพยากรน้ำ ,2021-03-01 02:00:00+07:00,,0.24
STN0029,บ้านแม่สาย (บ้านถ้ำผาจม)*,20.440285,99.873360,ภาคเหนือ,เวียงพางคำ,แม่สาย,เชียงราย,กรมทรัพยากรน้ำ ,2021-03-01 02:00:00+07:00,,1.11
STN0837,บ้านเล่าชีก๋วย*,20.144605,99.851191,ภาคเหนือ,ป่าตึง,แม่จัน,เชียงราย,กรมทรัพยากรน้ำ ,2021-03-01 02:00:00+07:00,,0.95
STN0837,บ้านเล่าชีก๋วย*,20.144605,99.851191,ภาคเหนือ,ป่าตึง,แม่จัน,เชียงราย,กรมทรัพยากรน้ำ ,2021-03-01 02:30:00+07:00,,0.95
STN0836,บ้านสามัคคีใหม่*,20.241488,99.766502,ภาคเหนือ,แม่สลองใน,แม่ฟ้าหลวง,เชียงราย,กรมทรัพยากรน้ำ ,2021-03-01 02:30:00+07:00,,0.24
STN0029,บ้านแม่สาย (บ้านถ้ำผาจม)*,20.440285,99.873360,ภาคเหนือ,เวียงพางคำ,แม่สาย,เชียงราย,กรมทรัพยากรน้ำ ,2021-03-01 02:30:00+07:00,,1.11
STN0837,บ้านเล่าชีก๋วย*,20.144605,99.851191,ภาคเหนือ,ป่าตึง,แม่จัน,เชียงราย,กรมทรัพยากรน้ำ ,2021-03-01 03:00:00+07:00,,0.95
STN0029,บ้านแม่สาย (บ้านถ้ำผาจม)*,20.440285,99.873360,ภาคเหนือ,เวียงพางคำ,แม่สาย,เชียงราย,กรมทรัพยากรน้ำ ,2021-03-01 03:00:00+07:00,,1.1
STN0836,บ้านสามัคคีใหม่*,20.241488,99.766502,ภาคเหนือ,แม่สลองใน,แม่ฟ้าหลวง,เชียงราย,กรมทรัพยากรน้ำ ,2021-03-01 03:00:00+07:00,,0.24
STN0837,บ้านเล่าชีก๋วย*,20.144605,99.851191,ภาคเหนือ,ป่าตึง,แม่จัน,เชียงราย,กรมทรัพยากรน้ำ ,2021-03-01 03:30:00+07:00,,0.95
STN0836,บ้านสามัคคีใหม่*,20.241488,99.766502,ภาคเหนือ,แม่สลองใน,แม่ฟ้าหลวง,เชียงราย,กรมทรัพยากรน้ำ ,2021-03-01 03:30:00+07:00,,0.24
STN0029,บ้านแม่สาย (บ้านถ้ำผาจม)*,20.440285,99.873360,ภาคเหนือ,เวียงพางคำ,แม่สาย,เชียงราย,กรมทรัพยากรน้ำ ,2021-03-01 03:30:00+07:00,,1.11
STN0837,บ้านเล่าชีก๋วย*,20.144605,99.851191,ภาคเหนือ,ป่าตึง,แม่จัน,เชียงราย,กรมทรัพยากรน้ำ ,2021-03-01 04:00:00+07:00,,0.95
STN0029,บ้านแม่สาย (บ้านถ้ำผาจม)*,20.440285,99.873360,ภาคเหนือ,เวียงพางคำ,แม่สาย,เชียงราย,กรมทรัพยากรน้ำ ,2021-03-01 04:00:00+07:00,,1.1
STN0836,บ้านสามัคคีใหม่*,20.241488,99.766502,ภาคเหนือ,แม่สลองใน,แม่ฟ้าหลวง,เชียงราย,กรมทรัพยากรน้ำ ,2021-03-01 04:00:00+07:00,,0.24
STN0837,บ้านเล่าชีก๋วย*,20.144605,99.851191,ภาคเหนือ,ป่าตึง,แม่จัน,เชียงราย,กรมทรัพยากรน้ำ ,2021-03-01 04:30:00+07:00,,0.95
STN0836,บ้านสามัคคีใหม่*,20.241488,99.766502,ภาคเหนือ,แม่สลองใน,แม่ฟ้าหลวง,เชียงราย,กรมทรัพยากรน้ำ ,2021-03-01 04:30:00+07:00,,0.24
STN0029,บ้านแม่สาย (บ้านถ้ำผาจม)*,20.440285,99.873360,ภาคเหนือ,เวียงพางคำ,แม่สาย,เชียงราย,กรมทรัพยากรน้ำ ,2021-03-01 04:30:00+07:00,,1.1
STN0836,บ้านสามัคคีใหม่*,20.241488,99.766502,ภาคเหนือ,แม่สลองใน,แม่ฟ้าหลวง,เชียงราย,กรมทรัพยากรน้ำ ,2021-03-01 05:00:00+07:00,,0.24
STN0029,บ้านแม่สาย (บ้านถ้ำผาจม)*,20.440285,99.873360,ภาคเหนือ,เวียงพางคำ,แม่สาย,เชียงราย,กรมทรัพยากรน้ำ ,2021-03-01 05:00:00+07:00,,1.11
STN0837,บ้านเล่าชีก๋วย*,20.144605,99.851191,ภาคเหนือ,ป่าตึง,แม่จัน,เชียงราย,กรมทรัพยากรน้ำ ,2021-03-01 05:00:00+07:00,,0.95
STN0029,บ้านแม่สาย (บ้านถ้ำผาจม)*,20.440285,99.873360,ภาคเหนือ,เวียงพางคำ,แม่สาย,เชียงราย,กรมทรัพยากรน้ำ ,2021-03-01 05:30:00+07:00,,1.1
STN0837,บ้านเล่าชีก๋วย*,20.144605,99.851191,ภาคเหนือ,ป่าตึง,แม่จัน,เชียงราย,กรมทรัพยากรน้ำ ,2021-03-01 05:30:00+07:00,,0.95
STN0836,บ้านสามัคคีใหม่*,20.241488,99.766502,ภาคเหนือ,แม่สลองใน,แม่ฟ้าหลวง,เชียงราย,กรมทรัพยากรน้ำ ,2021-03-01 05:30:00+07:00,,0.24
STN0837,บ้านเล่าชีก๋วย*,20.144605,99.851191,ภาคเหนือ,ป่าตึง,แม่จัน,เชียงราย,กรมทรัพยากรน้ำ ,2021-03-01 06:00:00+07:00,,0.95
STN0029,บ้านแม่สาย (บ้านถ้ำผาจม)*,20.440285,99.873360,ภาคเหนือ,เวียงพางคำ,แม่สาย,เชียงราย,กรมทรัพยากรน้ำ ,2021-03-01 06:00:00+07:00,,1.11
STN0836,บ้านสามัคคีใหม่*,20.241488,99.766502,ภาคเหนือ,แม่สลองใน,แม่ฟ้าหลวง,เชียงราย,กรมทรัพยากรน้ำ ,2021-03-01 06:00:00+07:00,,0.24
STN0029,บ้านแม่สาย (บ้านถ้ำผาจม)*,20.440285,99.873360,ภาคเหนือ,เวียงพางคำ,แม่สาย,เชียงราย,กรมทรัพยากรน้ำ ,2021-03-01 06:30:00+07:00,,1.1
STN0837,บ้านเล่าชีก๋วย*,20.144605,99.851191,ภาคเหนือ,ป่าตึง,แม่จัน,เชียงราย,กรมทรัพยากรน้ำ ,2021-03-01 06:30:00+07:00,,0.95
STN0836,บ้านสามัคคีใหม่*,20.241488,99.766502,ภาคเหนือ,แม่สลองใน,แม่ฟ้าหลวง,เชียงราย,กรมทรัพยากรน้ำ ,2021-03-01 06:30:00+07:00,,0.24
STN0837,บ้านเล่าชีก๋วย*,20.144605,99.851191,ภาคเหนือ,ป่าตึง,แม่จัน,เชียงราย,กรมทรัพยากรน้ำ ,2021-03-01 07:00:00+07:00,,0.95
STN0836,บ้านสามัคคีใหม่*,20.241488,99.766502,ภาคเหนือ,แม่สลองใน,แม่ฟ้าหลวง,เชียงราย,กรมทรัพยากรน้ำ ,2021-03-01 07:00:00+07:00,,0.24
STN0029,บ้านแม่สาย (บ้านถ้ำผาจม)*,20.440285,99.873360,ภาคเหนือ,เวียงพางคำ,แม่สาย,เชียงราย,กรมทรัพยากรน้ำ ,2021-03-01 07:00:00+07:00,,1.11
STN0029,บ้านแม่สาย (บ้านถ้ำผาจม)*,20.440285,99.873360,ภาคเหนือ,เวียงพางคำ,แม่สาย,เชียงราย,กรมทรัพยากรน้ำ ,2021-03-01 07:30:00+07:00,,1.1
STN0836,บ้านสามัคคีใหม่*,20.241488,99.766502,ภาคเหนือ,แม่สลองใน,แม่ฟ้าหลวง,เชียงราย,กรมทรัพยากรน้ำ ,2021-03-01 07:30:00+07:00,,0.23
STN0837,บ้านเล่าชีก๋วย*,20.144605,99.851191,ภาคเหนือ,ป่าตึง,แม่จัน,เชียงราย,กรมทรัพยากรน้ำ ,2021-03-01 07:30:00+07:00,,0.95
STN0836,บ้านสามัคคีใหม่*,20.241488,99.766502,ภาคเหนือ,แม่สลองใน,แม่ฟ้าหลวง,เชียงราย,กรมทรัพยากรน้ำ ,2021-03-01 08:00:00+07:00,,0.24
STN0837,บ้านเล่าชีก๋วย*,20.144605,99.851191,ภาคเหนือ,ป่าตึง,แม่จัน,เชียงราย,กรมทรัพยากรน้ำ ,2021-03-01 08:00:00+07:00,,0.95
STN0029,บ้านแม่สาย (บ้านถ้ำผาจม)*,20.440285,99.873360,ภาคเหนือ,เวียงพางคำ,แม่สาย,เชียงราย,กรมทรัพยากรน้ำ ,2021-03-01 08:00:00+07:00,,1.11
STN0029,บ้านแม่สาย (บ้านถ้ำผาจม)*,20.440285,99.873360,ภาคเหนือ,เวียงพางคำ,แม่สาย,เชียงราย,กรมทรัพยากรน้ำ ,2021-03-01 08:30:00+07:00,,1.1
STN0836,บ้านสามัคคีใหม่*,20.241488,99.766502,ภาคเหนือ,แม่สลองใน,แม่ฟ้าหลวง,เชียงราย,กรมทรัพยากรน้ำ ,2021-03-01 08:30:00+07:00,,0.24
STN0837,บ้านเล่าชีก๋วย*,20.144605,99.851191,ภาคเหนือ,ป่าตึง,แม่จัน,เชียงราย,กรมทรัพยากรน้ำ ,2021-03-01 08:30:00+07:00,,0.95
STN0837,บ้านเล่าชีก๋วย*,20.144605,99.851191,ภาคเหนือ,ป่าตึง,แม่จัน,เชียงราย,กรมทรัพยากรน้ำ ,2021-03-01 09:00:00+07:00,,0.95
STN0836,บ้านสามัคคีใหม่*,20.241488,99.766502,ภาคเหนือ,แม่สลองใน,แม่ฟ้าหลวง,เชียงราย,กรมทรัพยากรน้ำ ,2021-03-01 09:00:00+07:00,,0.24
STN0029,บ้านแม่สาย (บ้านถ้ำผาจม)*,20.440285,99.873360,ภาคเหนือ,เวียงพางคำ,แม่สาย,เชียงราย,กรมทรัพยากรน้ำ ,2021-03-01 09:00:00+07:00,,1.11
STN0029,บ้านแม่สาย (บ้านถ้ำผาจม)*,20.440285,99.873360,ภาคเหนือ,เวียงพางคำ,แม่สาย,เชียงราย,กรมทรัพยากรน้ำ ,2021-03-01 09:30:00+07:00,,1.11
STN0837,บ้านเล่าชีก๋วย*,20.144605,99.851191,ภาคเหนือ,ป่าตึง,แม่จัน,เชียงราย,กรมทรัพยากรน้ำ ,2021-03-01 09:30:00+07:00,,0.95
STN0836,บ้านสามัคคีใหม่*,20.241488,99.766502,ภาคเหนือ,แม่สลองใน,แม่ฟ้าหลวง,เชียงราย,กรมทรัพยากรน้ำ ,2021-03-01 09:30:00+07:00,,0.24
STN0837,บ้านเล่าชีก๋วย*,20.144605,99.851191,ภาคเหนือ,ป่าตึง,แม่จัน,เชียงราย,กรมทรัพยากรน้ำ ,2021-03-01 10:00:00+07:00,,0.95
STN0029,บ้านแม่สาย (บ้านถ้ำผาจม)*,20.440285,99.873360,ภาคเหนือ,เวียงพางคำ,แม่สาย,เชียงราย,กรมทรัพยากรน้ำ ,2021-03-01 10:00:00+07:00,,1.11
STN0836,บ้านสามัคคีใหม่*,20.241488,99.766502,ภาคเหนือ,แม่สลองใน,แม่ฟ้าหลวง,เชียงราย,กรมทรัพยากรน้ำ ,2021-03-01 10:00:00+07:00,,0.23
STN0837,บ้านเล่าชีก๋วย*,20.144605,99.851191,ภาคเหนือ,ป่าตึง,แม่จัน,เชียงราย,กรมทรัพยากรน้ำ ,2021-03-01 10:30:00+07:00,,0.95
STN0029,บ้านแม่สาย (บ้านถ้ำผาจม)*,20.440285,99.873360,ภาคเหนือ,เวียงพางคำ,แม่สาย,เชียงราย,กรมทรัพยากรน้ำ ,2021-03-01 10:30:00+07:00,,1.1
STN0836,บ้านสามัคคีใหม่*,20.241488,99.766502,ภาคเหนือ,แม่สลองใน,แม่ฟ้าหลวง,เชียงราย,กรมทรัพยากรน้ำ ,2021-03-01 10:30:00+07:00,,0.24
STN0029,บ้านแม่สาย (บ้านถ้ำผาจม)*,20.440285,99.873360,ภาคเหนือ,เวียงพางคำ,แม่สาย,เชียงราย,กรมทรัพยากรน้ำ ,2021-03-01 10:45:00+07:00,,1.1
STN0836,บ้านสามัคคีใหม่*,20.241488,99.766502,ภาคเหนือ,แม่สลองใน,แม่ฟ้าหลวง,เชียงราย,กรมทรัพยากรน้ำ ,2021-03-01 11:00:00+07:00,,0.22
STN0837,บ้านเล่าชีก๋วย*,20.144605,99.851191,ภาคเหนือ,ป่าตึง,แม่จัน,เชียงราย,กรมทรัพยากรน้ำ ,2021-03-01 11:00:00+07:00,,0.95
STN0029,บ้านแม่สาย (บ้านถ้ำผาจม)*,20.440285,99.873360,ภาคเหนือ,เวียงพางคำ,แม่สาย,เชียงราย,กรมทรัพยากรน้ำ ,2021-03-01 11:30:00+07:00,,1.1
STN0836,บ้านสามัคคีใหม่*,20.241488,99.766502,ภาคเหนือ,แม่สลองใน,แม่ฟ้าหลวง,เชียงราย,กรมทรัพยากรน้ำ ,2021-03-01 11:30:00+07:00,,0.24
STN0837,บ้านเล่าชีก๋วย*,20.144605,99.851191,ภาคเหนือ,ป่าตึง,แม่จัน,เชียงราย,กรมทรัพยากรน้ำ ,2021-03-01 11:30:00+07:00,,0.95
STN0837,บ้านเล่าชีก๋วย*,20.144605,99.851191,ภาคเหนือ,ป่าตึง,แม่จัน,เชียงราย,กรมทรัพยากรน้ำ ,2021-03-01 12:00:00+07:00,,0.95
STN0836,บ้านสามัคคีใหม่*,20.241488,99.766502,ภาคเหนือ,แม่สลองใน,แม่ฟ้าหลวง,เชียงราย,กรมทรัพยากรน้ำ ,2021-03-01 12:00:00+07:00,,0.24
STN0029,บ้านแม่สาย (บ้านถ้ำผาจม)*,20.440285,99.873360,ภาคเหนือ,เวียงพางคำ,แม่สาย,เชียงราย,กรมทรัพยากรน้ำ ,2021-03-01 12:00:00+07:00,,1.11
STN0837,บ้านเล่าชีก๋วย*,20.144605,99.851191,ภาคเหนือ,ป่าตึง,แม่จัน,เชียงราย,กรมทรัพยากรน้ำ ,2021-03-01 12:30:00+07:00,,0.95
STN0029,บ้านแม่สาย (บ้านถ้ำผาจม)*,20.440285,99.873360,ภาคเหนือ,เวียงพางคำ,แม่สาย,เชียงราย,กรมทรัพยากรน้ำ ,2021-03-01 12:30:00+07:00,,1.11
STN0836,บ้านสามัคคีใหม่*,20.241488,99.766502,ภาคเหนือ,แม่สลองใน,แม่ฟ้าหลวง,เชียงราย,กรมทรัพยากรน้ำ ,2021-03-01 12:30:00+07:00,,0.24
STN0836,บ้านสามัคคีใหม่*,20.241488,99.766502,ภาคเหนือ,แม่สลองใน,แม่ฟ้าหลวง,เชียงราย,กรมทรัพยากรน้ำ ,2021-03-01 13:00:00+07:00,,0.23
STN0029,บ้านแม่สาย (บ้านถ้ำผาจม)*,20.440285,99.873360,ภาคเหนือ,เวียงพางคำ,แม่สาย,เชียงราย,กรมทรัพยากรน้ำ ,2021-03-01 13:00:00+07:00,,1.1
STN0837,บ้านเล่าชีก๋วย*,20.144605,99.851191,ภาคเหนือ,ป่าตึง,แม่จัน,เชียงราย,กรมทรัพยากรน้ำ ,2021-03-01 13:00:00+07:00,,0.95
STN0837,บ้านเล่าชีก๋วย*,20.144605,99.851191,ภาคเหนือ,ป่าตึง,แม่จัน,เชียงราย,กรมทรัพยากรน้ำ ,2021-03-01 14:00:00+07:00,,0.95
STN0836,บ้านสามัคคีใหม่*,20.241488,99.766502,ภาคเหนือ,แม่สลองใน,แม่ฟ้าหลวง,เชียงราย,กรมทรัพยากรน้ำ ,2021-03-01 14:00:00+07:00,,0.23
STN0029,บ้านแม่สาย (บ้านถ้ำผาจม)*,20.440285,99.873360,ภาคเหนือ,เวียงพางคำ,แม่สาย,เชียงราย,กรมทรัพยากรน้ำ ,2021-03-01 14:00:00+07:00,,1.11
STN0837,บ้านเล่าชีก๋วย*,20.144605,99.851191,ภาคเหนือ,ป่าตึง,แม่จัน,เชียงราย,กรมทรัพยากรน้ำ ,2021-03-01 14:30:00+07:00,,0.95
STN0836,บ้านสามัคคีใหม่*,20.241488,99.766502,ภาคเหนือ,แม่สลองใน,แม่ฟ้าหลวง,เชียงราย,กรมทรัพยากรน้ำ ,2021-03-01 14:30:00+07:00,,0.24
STN0029,บ้านแม่สาย (บ้านถ้ำผาจม)*,20.440285,99.873360,ภาคเหนือ,เวียงพางคำ,แม่สาย,เชียงราย,กรมทรัพยากรน้ำ ,2021-03-01 14:30:00+07:00,,1.1
STN0836,บ้านสามัคคีใหม่*,20.241488,99.766502,ภาคเหนือ,แม่สลองใน,แม่ฟ้าหลวง,เชียงราย,กรมทรัพยากรน้ำ ,2021-03-01 14:45:00+07:00,,0.23
STN0837,บ้านเล่าชีก๋วย*,20.144605,99.851191,ภาคเหนือ,ป่าตึง,แม่จัน,เชียงราย,กรมทรัพยากรน้ำ ,2021-03-01 15:00:00+07:00,,0.95
STN0029,บ้านแม่สาย (บ้านถ้ำผาจม)*,20.440285,99.873360,ภาคเหนือ,เวียงพางคำ,แม่สาย,เชียงราย,กรมทรัพยากรน้ำ ,2021-03-01 15:00:00+07:00,,1.11
STN0029,บ้านแม่สาย (บ้านถ้ำผาจม)*,20.440285,99.873360,ภาคเหนือ,เวียงพางคำ,แม่สาย,เชียงราย,กรมทรัพยากรน้ำ ,2021-03-01 15:30:00+07:00,,1.1
STN0836,บ้านสามัคคีใหม่*,20.241488,99.766502,ภาคเหนือ,แม่สลองใน,แม่ฟ้าหลวง,เชียงราย,กรมทรัพยากรน้ำ ,2021-03-01 15:30:00+07:00,,0.24
STN0837,บ้านเล่าชีก๋วย*,20.144605,99.851191,ภาคเหนือ,ป่าตึง,แม่จัน,เชียงราย,กรมทรัพยากรน้ำ ,2021-03-01 15:30:00+07:00,,0.95
STN0836,บ้านสามัคคีใหม่*,20.241488,99.766502,ภาคเหนือ,แม่สลองใน,แม่ฟ้าหลวง,เชียงราย,กรมทรัพยากรน้ำ ,2021-03-01 16:30:00+07:00,,0.23
STN0029,บ้านแม่สาย (บ้านถ้ำผาจม)*,20.440285,99.873360,ภาคเหนือ,เวียงพางคำ,แม่สาย,เชียงราย,กรมทรัพยากรน้ำ ,2021-03-01 16:30:00+07:00,,1.11
STN0837,บ้านเล่าชีก๋วย*,20.144605,99.851191,ภาคเหนือ,ป่าตึง,แม่จัน,เชียงราย,กรมทรัพยากรน้ำ ,2021-03-01 16:30:00+07:00,,0.95
STN0029,บ้านแม่สาย (บ้านถ้ำผาจม)*,20.440285,99.873360,ภาคเหนือ,เวียงพางคำ,แม่สาย,เชียงราย,กรมทรัพยากรน้ำ ,2021-03-01 17:00:00+07:00,,1.1
STN0837,บ้านเล่าชีก๋วย*,20.144605,99.851191,ภาคเหนือ,ป่าตึง,แม่จัน,เชียงราย,กรมทรัพยากรน้ำ ,2021-03-01 17:00:00+07:00,,0.95
STN0836,บ้านสามัคคีใหม่*,20.241488,99.766502,ภาคเหนือ,แม่สลองใน,แม่ฟ้าหลวง,เชียงราย,กรมทรัพยากรน้ำ ,2021-03-01 17:00:00+07:00,,0.24
STN0837,บ้านเล่าชีก๋วย*,20.144605,99.851191,ภาคเหนือ,ป่าตึง,แม่จัน,เชียงราย,กรมทรัพยากรน้ำ ,2021-03-01 17:30:00+07:00,,0.95
STN0836,บ้านสามัคคีใหม่*,20.241488,99.766502,ภาคเหนือ,แม่สลองใน,แม่ฟ้าหลวง,เชียงราย,กรมทรัพยากรน้ำ ,2021-03-01 17:30:00+07:00,,0.23
STN0029,บ้านแม่สาย (บ้านถ้ำผาจม)*,20.440285,99.873360,ภาคเหนือ,เวียงพางคำ,แม่สาย,เชียงราย,กรมทรัพยากรน้ำ ,2021-03-01 17:30:00+07:00,,1.11
STN0029,บ้านแม่สาย (บ้านถ้ำผาจม)*,20.440285,99.873360,ภาคเหนือ,เวียงพางคำ,แม่สาย,เชียงราย,กรมทรัพยากรน้ำ ,2021-03-01 18:00:00+07:00,,1.1
STN0836,บ้านสามัคคีใหม่*,20.241488,99.766502,ภาคเหนือ,แม่สลองใน,แม่ฟ้าหลวง,เชียงราย,กรมทรัพยากรน้ำ ,2021-03-01 18:00:00+07:00,,0.24
STN0837,บ้านเล่าชีก๋วย*,20.144605,99.851191,ภาคเหนือ,ป่าตึง,แม่จัน,เชียงราย,กรมทรัพยากรน้ำ ,2021-03-01 18:00:00+07:00,,0.95
STN0029,บ้านแม่สาย (บ้านถ้ำผาจม)*,20.440285,99.873360,ภาคเหนือ,เวียงพางคำ,แม่สาย,เชียงราย,กรมทรัพยากรน้ำ ,2021-03-01 18:30:00+07:00,,1.1
STN0837,บ้านเล่าชีก๋วย*,20.144605,99.851191,ภาคเหนือ,ป่าตึง,แม่จัน,เชียงราย,กรมทรัพยากรน้ำ ,2021-03-01 18:30:00+07:00,,0.95
STN0836,บ้านสามัคคีใหม่*,20.241488,99.766502,ภาคเหนือ,แม่สลองใน,แม่ฟ้าหลวง,เชียงราย,กรมทรัพยากรน้ำ ,2021-03-01 18:30:00+07:00,,0.23
STN0837,บ้านเล่าชีก๋วย*,20.144605,99.851191,ภาคเหนือ,ป่าตึง,แม่จัน,เชียงราย,กรมทรัพยากรน้ำ ,2021-03-01 19:00:00+07:00,,0.95
STN0029,บ้านแม่สาย (บ้านถ้ำผาจม)*,20.440285,99.873360,ภาคเหนือ,เวียงพางคำ,แม่สาย,เชียงราย,กรมทรัพยากรน้ำ ,2021-03-01 19:00:00+07:00,,1.1
STN0836,บ้านสามัคคีใหม่*,20.241488,99.766502,ภาคเหนือ,แม่สลองใน,แม่ฟ้าหลวง,เชียงราย,กรมทรัพยากรน้ำ ,2021-03-01 19:00:00+07:00,,0.23
STN0029,บ้านแม่สาย (บ้านถ้ำผาจม)*,20.440285,99.873360,ภาคเหนือ,เวียงพางคำ,แม่สาย,เชียงราย,กรมทรัพยากรน้ำ ,2021-03-01 19:30:00+07:00,,1.1
STN0836,บ้านสามัคคีใหม่*,20.241488,99.766502,ภาคเหนือ,แม่สลองใน,แม่ฟ้าหลวง,เชียงราย,กรมทรัพยากรน้ำ ,2021-03-01 19:30:00+07:00,,0.23
STN0837,บ้านเล่าชีก๋วย*,20.144605,99.851191,ภาคเหนือ,ป่าตึง,แม่จัน,เชียงราย,กรมทรัพยากรน้ำ ,2021-03-01 19:30:00+07:00,,0.95
STN0836,บ้านสามัคคีใหม่*,20.241488,99.766502,ภาคเหนือ,แม่สลองใน,แม่ฟ้าหลวง,เชียงราย,กรมทรัพยากรน้ำ ,2021-03-01 20:00:00+07:00,,0.24
STN0029,บ้านแม่สาย (บ้านถ้ำผาจม)*,20.440285,99.873360,ภาคเหนือ,เวียงพางคำ,แม่สาย,เชียงราย,กรมทรัพยากรน้ำ ,2021-03-01 20:00:00+07:00,,1.11
STN0837,บ้านเล่าชีก๋วย*,20.144605,99.851191,ภาคเหนือ,ป่าตึง,แม่จัน,เชียงราย,กรมทรัพยากรน้ำ ,2021-03-01 20:00:00+07:00,,0.95
STN0836,บ้านสามัคคีใหม่*,20.241488,99.766502,ภาคเหนือ,แม่สลองใน,แม่ฟ้าหลวง,เชียงราย,กรมทรัพยากรน้ำ ,2021-03-01 20:30:00+07:00,,0.23
STN0029,บ้านแม่สาย (บ้านถ้ำผาจม)*,20.440285,99.873360,ภาคเหนือ,เวียงพางคำ,แม่สาย,เชียงราย,กรมทรัพยากรน้ำ ,2021-03-01 20:30:00+07:00,,1.1
STN0837,บ้านเล่าชีก๋วย*,20.144605,99.851191,ภาคเหนือ,ป่าตึง,แม่จัน,เชียงราย,กรมทรัพยากรน้ำ ,2021-03-01 20:30:00+07:00,,0.95
STN0837,บ้านเล่าชีก๋วย*,20.144605,99.851191,ภาคเหนือ,ป่าตึง,แม่จัน,เชียงราย,กรมทรัพยากรน้ำ ,2021-03-01 21:00:00+07:00,,0.95
STN0029,บ้านแม่สาย (บ้านถ้ำผาจม)*,20.440285,99.873360,ภาคเหนือ,เวียงพางคำ,แม่สาย,เชียงราย,กรมทรัพยากรน้ำ ,2021-03-01 21:00:00+07:00,,1.11
STN0836,บ้านสามัคคีใหม่*,20.241488,99.766502,ภาคเหนือ,แม่สลองใน,แม่ฟ้าหลวง,เชียงราย,กรมทรัพยากรน้ำ ,2021-03-01 21:00:00+07:00,,0.24
STN0836,บ้านสามัคคีใหม่*,20.241488,99.766502,ภาคเหนือ,แม่สลองใน,แม่ฟ้าหลวง,เชียงราย,กรมทรัพยากรน้ำ ,2021-03-01 21:30:00+07:00,,0.24
STN0029,บ้านแม่สาย (บ้านถ้ำผาจม)*,20.440285,99.873360,ภาคเหนือ,เวียงพางคำ,แม่สาย,เชียงราย,กรมทรัพยากรน้ำ ,2021-03-01 21:30:00+07:00,,1.11
STN0837,บ้านเล่าชีก๋วย*,20.144605,99.851191,ภาคเหนือ,ป่าตึง,แม่จัน,เชียงราย,กรมทรัพยากรน้ำ ,2021-03-01 21:30:00+07:00,,0.95
STN0836,บ้านสามัคคีใหม่*,20.241488,99.766502,ภาคเหนือ,แม่สลองใน,แม่ฟ้าหลวง,เชียงราย,กรมทรัพยากรน้ำ ,2021-03-01 22:00:00+07:00,,0.23
STN0029,บ้านแม่สาย (บ้านถ้ำผาจม)*,20.440285,99.873360,ภาคเหนือ,เวียงพางคำ,แม่สาย,เชียงราย,กรมทรัพยากรน้ำ ,2021-03-01 22:00:00+07:00,,1.11
STN0837,บ้านเล่าชีก๋วย*,20.144605,99.851191,ภาคเหนือ,ป่าตึง,แม่จัน,เชียงราย,กรมทรัพยากรน้ำ ,2021-03-01 22:00:00+07:00,,0.95
STN0836,บ้านสามัคคีใหม่*,20.241488,99.766502,ภาคเหนือ,แม่สลองใน,แม่ฟ้าหลวง,เชียงราย,กรมทรัพยากรน้ำ ,2021-03-01 22:30:00+07:00,,0.23
STN0029,บ้านแม่สาย (บ้านถ้ำผาจม)*,20.440285,99.873360,ภาคเหนือ,เวียงพางคำ,แม่สาย,เชียงราย,กรมทรัพยากรน้ำ ,2021-03-01 22:30:00+07:00,,1.1
STN0837,บ้านเล่าชีก๋วย*,20.144605,99.851191,ภาคเหนือ,ป่าตึง,แม่จัน,เชียงราย,กรมทรัพยากรน้ำ ,2021-03-01 22:30:00+07:00,,0.95
STN0836,บ้านสามัคคีใหม่*,20.241488,99.766502,ภาคเหนือ,แม่สลองใน,แม่ฟ้าหลวง,เชียงราย,กรมทรัพยากรน้ำ ,2021-03-01 23:00:00+07:00,,0.23
STN0837,บ้านเล่าชีก๋วย*,20.144605,99.851191,ภาคเหนือ,ป่าตึง,แม่จัน,เชียงราย,กรมทรัพยากรน้ำ ,2021-03-01 23:00:00+07:00,,0.95
STN0029,บ้านแม่สาย (บ้านถ้ำผาจม)*,20.440285,99.873360,ภาคเหนือ,เวียงพางคำ,แม่สาย,เชียงราย,กรมทรัพยากรน้ำ ,2021-03-01 23:00:00+07:00,,1.11
STN0029,บ้านแม่สาย (บ้านถ้ำผาจม)*,20.440285,99.873360,ภาคเหนือ,เวียงพางคำ,แม่สาย,เชียงราย,กรมทรัพยากรน้ำ ,2021-03-01 23:30:00+07:00,,1.11
STN0837,บ้านเล่าชีก๋วย*,20.144605,99.851191,ภาคเหนือ,ป่าตึง,แม่จัน,เชียงราย,กรมทรัพยากรน้ำ ,2021-03-01 23:30:00+07:00,,0.95
STN0836,บ้านสามัคคีใหม่*,20.241488,99.766502,ภาคเหนือ,แม่สลองใน,แม่ฟ้าหลวง,เชียงราย,กรมทรัพยากรน้ำ ,2021-03-01 23:30:00+07:00,,0.23
STN0837,บ้านเล่าชีก๋วย*,20.144605,99.851191,ภาคเหนือ,ป่าตึง,แม่จัน,เชียงราย,กรมทรัพยากรน้ำ ,2021-03-02 00:00:00+07:00,,0.95
STN0029,บ้านแม่สาย (บ้านถ้ำผาจม)*,20.440285,99.873360,ภาคเหนือ,เวียงพางคำ,แม่สาย,เชียงราย,กรมทรัพยากรน้ำ ,2021-03-02 00:00:00+07:00,,1.1
STN0836,บ้านสามัคคีใหม่*,20.241488,99.766502,ภาคเหนือ,แม่สลองใน,แม่ฟ้าหลวง,เชียงราย,กรมทรัพยากรน้ำ ,2021-03-02 00:00:00+07:00,,0.23
STN0837,บ้านเล่าชีก๋วย*,20.144605,99.851191,ภาคเหนือ,ป่าตึง,แม่จัน,เชียงราย,กรมทรัพยากรน้ำ ,2021-03-02 00:30:00+07:00,,0.95
STN0029,บ้านแม่สาย (บ้านถ้ำผาจม)*,20.440285,99.873360,ภาคเหนือ,เวียงพางคำ,แม่สาย,เชียงราย,กรมทรัพยากรน้ำ ,2021-03-02 00:30:00+07:00,,1.11
STN0836,บ้านสามัคคีใหม่*,20.241488,99.766502,ภาคเหนือ,แม่สลองใน,แม่ฟ้าหลวง,เชียงราย,กรมทรัพยากรน้ำ ,2021-03-02 00:30:00+07:00,,0.24
STN0836,บ้านสามัคคีใหม่*,20.241488,99.766502,ภาคเหนือ,แม่สลองใน,แม่ฟ้าหลวง,เชียงราย,กรมทรัพยากรน้ำ ,2021-03-02 01:00:00+07:00,,0.24
STN0837,บ้านเล่าชีก๋วย*,20.144605,99.851191,ภาคเหนือ,ป่าตึง,แม่จัน,เชียงราย,กรมทรัพยากรน้ำ ,2021-03-02 01:00:00+07:00,,0.95
STN0029,บ้านแม่สาย (บ้านถ้ำผาจม)*,20.440285,99.873360,ภาคเหนือ,เวียงพางคำ,แม่สาย,เชียงราย,กรมทรัพยากรน้ำ ,2021-03-02 01:00:00+07:00,,1.11
STN0837,บ้านเล่าชีก๋วย*,20.144605,99.851191,ภาคเหนือ,ป่าตึง,แม่จัน,เชียงราย,กรมทรัพยากรน้ำ ,2021-03-02 01:30:00+07:00,,0.95
STN0836,บ้านสามัคคีใหม่*,20.241488,99.766502,ภาคเหนือ,แม่สลองใน,แม่ฟ้าหลวง,เชียงราย,กรมทรัพยากรน้ำ ,2021-03-02 01:30:00+07:00,,0.23
STN0029,บ้านแม่สาย (บ้านถ้ำผาจม)*,20.440285,99.873360,ภาคเหนือ,เวียงพางคำ,แม่สาย,เชียงราย,กรมทรัพยากรน้ำ ,2021-03-02 01:30:00+07:00,,1.1
STN0029,บ้านแม่สาย (บ้านถ้ำผาจม)*,20.440285,99.873360,ภาคเหนือ,เวียงพางคำ,แม่สาย,เชียงราย,กรมทรัพยากรน้ำ ,2021-03-02 01:45:00+07:00,,1.11
STN0836,บ้านสามัคคีใหม่*,20.241488,99.766502,ภาคเหนือ,แม่สลองใน,แม่ฟ้าหลวง,เชียงราย,กรมทรัพยากรน้ำ ,2021-03-02 02:00:00+07:00,,0.24
STN0837,บ้านเล่าชีก๋วย*,20.144605,99.851191,ภาคเหนือ,ป่าตึง,แม่จัน,เชียงราย,กรมทรัพยากรน้ำ ,2021-03-02 02:00:00+07:00,,0.95
STN0837,บ้านเล่าชีก๋วย*,20.144605,99.851191,ภาคเหนือ,ป่าตึง,แม่จัน,เชียงราย,กรมทรัพยากรน้ำ ,2021-03-02 02:30:00+07:00,,0.95
STN0029,บ้านแม่สาย (บ้านถ้ำผาจม)*,20.440285,99.873360,ภาคเหนือ,เวียงพางคำ,แม่สาย,เชียงราย,กรมทรัพยากรน้ำ ,2021-03-02 02:30:00+07:00,,1.1
STN0836,บ้านสามัคคีใหม่*,20.241488,99.766502,ภาคเหนือ,แม่สลองใน,แม่ฟ้าหลวง,เชียงราย,กรมทรัพยากรน้ำ ,2021-03-02 02:30:00+07:00,,0.24
STN0029,บ้านแม่สาย (บ้านถ้ำผาจม)*,20.440285,99.873360,ภาคเหนือ,เวียงพางคำ,แม่สาย,เชียงราย,กรมทรัพยากรน้ำ ,2021-03-02 03:00:00+07:00,,1.11
STN0836,บ้านสามัคคีใหม่*,20.241488,99.766502,ภาคเหนือ,แม่สลองใน,แม่ฟ้าหลวง,เชียงราย,กรมทรัพยากรน้ำ ,2021-03-02 03:00:00+07:00,,0.24
STN0837,บ้านเล่าชีก๋วย*,20.144605,99.851191,ภาคเหนือ,ป่าตึง,แม่จัน,เชียงราย,กรมทรัพยากรน้ำ ,2021-03-02 03:00:00+07:00,,0.95
STN0836,บ้านสามัคคีใหม่*,20.241488,99.766502,ภาคเหนือ,แม่สลองใน,แม่ฟ้าหลวง,เชียงราย,กรมทรัพยากรน้ำ ,2021-03-02 03:30:00+07:00,,0.24
STN0837,บ้านเล่าชีก๋วย*,20.144605,99.851191,ภาคเหนือ,ป่าตึง,แม่จัน,เชียงราย,กรมทรัพยากรน้ำ ,2021-03-02 03:30:00+07:00,,0.95
STN0029,บ้านแม่สาย (บ้านถ้ำผาจม)*,20.440285,99.873360,ภาคเหนือ,เวียงพางคำ,แม่สาย,เชียงราย,กรมทรัพยากรน้ำ ,2021-03-02 03:30:00+07:00,,1.11
STN0837,บ้านเล่าชีก๋วย*,20.144605,99.851191,ภาคเหนือ,ป่าตึง,แม่จัน,เชียงราย,กรมทรัพยากรน้ำ ,2021-03-02 04:00:00+07:00,,0.95
STN0836,บ้านสามัคคีใหม่*,20.241488,99.766502,ภาคเหนือ,แม่สลองใน,แม่ฟ้าหลวง,เชียงราย,กรมทรัพยากรน้ำ ,2021-03-02 04:00:00+07:00,,0.23
STN0029,บ้านแม่สาย (บ้านถ้ำผาจม)*,20.440285,99.873360,ภาคเหนือ,เวียงพางคำ,แม่สาย,เชียงราย,กรมทรัพยากรน้ำ ,2021-03-02 04:00:00+07:00,,1.11
STN0836,บ้านสามัคคีใหม่*,20.241488,99.766502,ภาคเหนือ,แม่สลองใน,แม่ฟ้าหลวง,เชียงราย,กรมทรัพยากรน้ำ ,2021-03-02 04:30:00+07:00,,0.23
STN0029,บ้านแม่สาย (บ้านถ้ำผาจม)*,20.440285,99.873360,ภาคเหนือ,เวียงพางคำ,แม่สาย,เชียงราย,กรมทรัพยากรน้ำ ,2021-03-02 04:30:00+07:00,,1.1
STN0837,บ้านเล่าชีก๋วย*,20.144605,99.851191,ภาคเหนือ,ป่าตึง,แม่จัน,เชียงราย,กรมทรัพยากรน้ำ ,2021-03-02 04:30:00+07:00,,0.95
STN0836,บ้านสามัคคีใหม่*,20.241488,99.766502,ภาคเหนือ,แม่สลองใน,แม่ฟ้าหลวง,เชียงราย,กรมทรัพยากรน้ำ ,2021-03-02 05:00:00+07:00,,0.24
STN0837,บ้านเล่าชีก๋วย*,20.144605,99.851191,ภาคเหนือ,ป่าตึง,แม่จัน,เชียงราย,กรมทรัพยากรน้ำ ,2021-03-02 05:00:00+07:00,,0.95
STN0029,บ้านแม่สาย (บ้านถ้ำผาจม)*,20.440285,99.873360,ภาคเหนือ,เวียงพางคำ,แม่สาย,เชียงราย,กรมทรัพยากรน้ำ ,2021-03-02 05:00:00+07:00,,1.1
STN0029,บ้านแม่สาย (บ้านถ้ำผาจม)*,20.440285,99.873360,ภาคเหนือ,เวียงพางคำ,แม่สาย,เชียงราย,กรมทรัพยากรน้ำ ,2021-03-02 05:30:00+07:00,,1.11
STN0836,บ้านสามัคคีใหม่*,20.241488,99.766502,ภาคเหนือ,แม่สลองใน,แม่ฟ้าหลวง,เชียงราย,กรมทรัพยากรน้ำ ,2021-03-02 05:30:00+07:00,,0.24
STN0837,บ้านเล่าชีก๋วย*,20.144605,99.851191,ภาคเหนือ,ป่าตึง,แม่จัน,เชียงราย,กรมทรัพยากรน้ำ ,2021-03-02 05:30:00+07:00,,0.95
STN0836,บ้านสามัคคีใหม่*,20.241488,99.766502,ภาคเหนือ,แม่สลองใน,แม่ฟ้าหลวง,เชียงราย,กรมทรัพยากรน้ำ ,2021-03-02 09:00:00+07:00,,0.24
STN0837,บ้านเล่าชีก๋วย*,20.144605,99.851191,ภาคเหนือ,ป่าตึง,แม่จัน,เชียงราย,กรมทรัพยากรน้ำ ,2021-03-02 09:00:00+07:00,,0.95
STN0837,บ้านเล่าชีก๋วย*,20.144605,99.851191,ภาคเหนือ,ป่าตึง,แม่จัน,เชียงราย,กรมทรัพยากรน้ำ ,2021-03-02 09:30:00+07:00,,0.95
STN0029,บ้านแม่สาย (บ้านถ้ำผาจม)*,20.440285,99.873360,ภาคเหนือ,เวียงพางคำ,แม่สาย,เชียงราย,กรมทรัพยากรน้ำ ,2021-03-02 09:30:00+07:00,,1.11
STN0836,บ้านสามัคคีใหม่*,20.241488,99.766502,ภาคเหนือ,แม่สลองใน,แม่ฟ้าหลวง,เชียงราย,กรมทรัพยากรน้ำ ,2021-03-02 09:30:00+07:00,,0.23
STN0836,บ้านสามัคคีใหม่*,20.241488,99.766502,ภาคเหนือ,แม่สลองใน,แม่ฟ้าหลวง,เชียงราย,กรมทรัพยากรน้ำ ,2021-03-02 10:00:00+07:00,,0.23
STN0837,บ้านเล่าชีก๋วย*,20.144605,99.851191,ภาคเหนือ,ป่าตึง,แม่จัน,เชียงราย,กรมทรัพยากรน้ำ ,2021-03-02 10:00:00+07:00,,0.95
STN0029,บ้านแม่สาย (บ้านถ้ำผาจม)*,20.440285,99.873360,ภาคเหนือ,เวียงพางคำ,แม่สาย,เชียงราย,กรมทรัพยากรน้ำ ,2021-03-02 10:00:00+07:00,,1.1
STN0837,บ้านเล่าชีก๋วย*,20.144605,99.851191,ภาคเหนือ,ป่าตึง,แม่จัน,เชียงราย,กรมทรัพยากรน้ำ ,2021-03-02 10:30:00+07:00,,0.95
STN0836,บ้านสามัคคีใหม่*,20.241488,99.766502,ภาคเหนือ,แม่สลองใน,แม่ฟ้าหลวง,เชียงราย,กรมทรัพยากรน้ำ ,2021-03-02 10:30:00+07:00,,0.24
STN0029,บ้านแม่สาย (บ้านถ้ำผาจม)*,20.440285,99.873360,ภาคเหนือ,เวียงพางคำ,แม่สาย,เชียงราย,กรมทรัพยากรน้ำ ,2021-03-02 10:30:00+07:00,,1.1
STN0029,บ้านแม่สาย (บ้านถ้ำผาจม)*,20.440285,99.873360,ภาคเหนือ,เวียงพางคำ,แม่สาย,เชียงราย,กรมทรัพยากรน้ำ ,2021-03-02 11:00:00+07:00,,1.11
STN0836,บ้านสามัคคีใหม่*,20.241488,99.766502,ภาคเหนือ,แม่สลองใน,แม่ฟ้าหลวง,เชียงราย,กรมทรัพยากรน้ำ ,2021-03-02 11:00:00+07:00,,0.24
STN0837,บ้านเล่าชีก๋วย*,20.144605,99.851191,ภาคเหนือ,ป่าตึง,แม่จัน,เชียงราย,กรมทรัพยากรน้ำ ,2021-03-02 11:00:00+07:00,,0.95
STN0837,บ้านเล่าชีก๋วย*,20.144605,99.851191,ภาคเหนือ,ป่าตึง,แม่จัน,เชียงราย,กรมทรัพยากรน้ำ ,2021-03-02 11:30:00+07:00,,0.95
STN0836,บ้านสามัคคีใหม่*,20.241488,99.766502,ภาคเหนือ,แม่สลองใน,แม่ฟ้าหลวง,เชียงราย,กรมทรัพยากรน้ำ ,2021-03-02 11:30:00+07:00,,0.24
STN0029,บ้านแม่สาย (บ้านถ้ำผาจม)*,20.440285,99.873360,ภาคเหนือ,เวียงพางคำ,แม่สาย,เชียงราย,กรมทรัพยากรน้ำ ,2021-03-02 11:30:00+07:00,,1.1
STN0029,บ้านแม่สาย (บ้านถ้ำผาจม)*,20.440285,99.873360,ภาคเหนือ,เวียงพางคำ,แม่สาย,เชียงราย,กรมทรัพยากรน้ำ ,2021-03-02 12:00:00+07:00,,1.11
STN0836,บ้านสามัคคีใหม่*,20.241488,99.766502,ภาคเหนือ,แม่สลองใน,แม่ฟ้าหลวง,เชียงราย,กรมทรัพยากรน้ำ ,2021-03-02 12:00:00+07:00,,0.24
STN0837,บ้านเล่าชีก๋วย*,20.144605,99.851191,ภาคเหนือ,ป่าตึง,แม่จัน,เชียงราย,กรมทรัพยากรน้ำ ,2021-03-02 12:00:00+07:00,,0.95
STN0837,บ้านเล่าชีก๋วย*,20.144605,99.851191,ภาคเหนือ,ป่าตึง,แม่จัน,เชียงราย,กรมทรัพยากรน้ำ ,2021-03-02 12:30:00+07:00,,0.95
STN0836,บ้านสามัคคีใหม่*,20.241488,99.766502,ภาคเหนือ,แม่สลองใน,แม่ฟ้าหลวง,เชียงราย,กรมทรัพยากรน้ำ ,2021-03-02 12:30:00+07:00,,0.23
STN0029,บ้านแม่สาย (บ้านถ้ำผาจม)*,20.440285,99.873360,ภาคเหนือ,เวียงพางคำ,แม่สาย,เชียงราย,กรมทรัพยากรน้ำ ,2021-03-02 12:30:00+07:00,,1.1
STN0837,บ้านเล่าชีก๋วย*,20.144605,99.851191,ภาคเหนือ,ป่าตึง,แม่จัน,เชียงราย,กรมทรัพยากรน้ำ ,2021-03-02 13:00:00+07:00,,0.95
STN0836,บ้านสามัคคีใหม่*,20.241488,99.766502,ภาคเหนือ,แม่สลองใน,แม่ฟ้าหลวง,เชียงราย,กรมทรัพยากรน้ำ ,2021-03-02 13:00:00+07:00,,0.23
STN0029,บ้านแม่สาย (บ้านถ้ำผาจม)*,20.440285,99.873360,ภาคเหนือ,เวียงพางคำ,แม่สาย,เชียงราย,กรมทรัพยากรน้ำ ,2021-03-02 13:00:00+07:00,,1.1
STN0837,บ้านเล่าชีก๋วย*,20.144605,99.851191,ภาคเหนือ,ป่าตึง,แม่จัน,เชียงราย,กรมทรัพยากรน้ำ ,2021-03-02 13:30:00+07:00,,0.95
STN0836,บ้านสามัคคีใหม่*,20.241488,99.766502,ภาคเหนือ,แม่สลองใน,แม่ฟ้าหลวง,เชียงราย,กรมทรัพยากรน้ำ ,2021-03-02 13:30:00+07:00,,0.23
STN0029,บ้านแม่สาย (บ้านถ้ำผาจม)*,20.440285,99.873360,ภาคเหนือ,เวียงพางคำ,แม่สาย,เชียงราย,กรมทรัพยากรน้ำ ,2021-03-02 13:30:00+07:00,,1.11
STN0837,บ้านเล่าชีก๋วย*,20.144605,99.851191,ภาคเหนือ,ป่าตึง,แม่จัน,เชียงราย,กรมทรัพยากรน้ำ ,2021-03-02 14:00:00+07:00,,0.95
STN0836,บ้านสามัคคีใหม่*,20.241488,99.766502,ภาคเหนือ,แม่สลองใน,แม่ฟ้าหลวง,เชียงราย,กรมทรัพยากรน้ำ ,2021-03-02 14:00:00+07:00,,0.24
STN0029,บ้านแม่สาย (บ้านถ้ำผาจม)*,20.440285,99.873360,ภาคเหนือ,เวียงพางคำ,แม่สาย,เชียงราย,กรมทรัพยากรน้ำ ,2021-03-02 14:00:00+07:00,,1.1
STN0029,บ้านแม่สาย (บ้านถ้ำผาจม)*,20.440285,99.873360,ภาคเหนือ,เวียงพางคำ,แม่สาย,เชียงราย,กรมทรัพยากรน้ำ ,2021-03-02 14:30:00+07:00,,1.1
STN0836,บ้านสามัคคีใหม่*,20.241488,99.766502,ภาคเหนือ,แม่สลองใน,แม่ฟ้าหลวง,เชียงราย,กรมทรัพยากรน้ำ ,2021-03-02 14:30:00+07:00,,0.24
STN0837,บ้านเล่าชีก๋วย*,20.144605,99.851191,ภาคเหนือ,ป่าตึง,แม่จัน,เชียงราย,กรมทรัพยากรน้ำ ,2021-03-02 14:30:00+07:00,,0.95
STN0836,บ้านสามัคคีใหม่*,20.241488,99.766502,ภาคเหนือ,แม่สลองใน,แม่ฟ้าหลวง,เชียงราย,กรมทรัพยากรน้ำ ,2021-03-02 15:00:00+07:00,,0.23
STN0837,บ้านเล่าชีก๋วย*,20.144605,99.851191,ภาคเหนือ,ป่าตึง,แม่จัน,เชียงราย,กรมทรัพยากรน้ำ ,2021-03-02 15:00:00+07:00,,0.95
STN0029,บ้านแม่สาย (บ้านถ้ำผาจม)*,20.440285,99.873360,ภาคเหนือ,เวียงพางคำ,แม่สาย,เชียงราย,กรมทรัพยากรน้ำ ,2021-03-02 15:00:00+07:00,,1.11
STN0836,บ้านสามัคคีใหม่*,20.241488,99.766502,ภาคเหนือ,แม่สลองใน,แม่ฟ้าหลวง,เชียงราย,กรมทรัพยากรน้ำ ,2021-03-02 15:30:00+07:00,,0.24
STN0029,บ้านแม่สาย (บ้านถ้ำผาจม)*,20.440285,99.873360,ภาคเหนือ,เวียงพางคำ,แม่สาย,เชียงราย,กรมทรัพยากรน้ำ ,2021-03-02 15:30:00+07:00,,1.11
STN0837,บ้านเล่าชีก๋วย*,20.144605,99.851191,ภาคเหนือ,ป่าตึง,แม่จัน,เชียงราย,กรมทรัพยากรน้ำ ,2021-03-02 15:30:00+07:00,,0.95
STN0836,บ้านสามัคคีใหม่*,20.241488,99.766502,ภาคเหนือ,แม่สลองใน,แม่ฟ้าหลวง,เชียงราย,กรมทรัพยากรน้ำ ,2021-03-02 16:00:00+07:00,,0.24
STN0029,บ้านแม่สาย (บ้านถ้ำผาจม)*,20.440285,99.873360,ภาคเหนือ,เวียงพางคำ,แม่สาย,เชียงราย,กรมทรัพยากรน้ำ ,2021-03-02 16:00:00+07:00,,1.1
STN0837,บ้านเล่าชีก๋วย*,20.144605,99.851191,ภาคเหนือ,ป่าตึง,แม่จัน,เชียงราย,กรมทรัพยากรน้ำ ,2021-03-02 16:00:00+07:00,,0.95
STN0029,บ้านแม่สาย (บ้านถ้ำผาจม)*,20.440285,99.873360,ภาคเหนือ,เวียงพางคำ,แม่สาย,เชียงราย,กรมทรัพยากรน้ำ ,2021-03-02 16:30:00+07:00,,1.1
STN0837,บ้านเล่าชีก๋วย*,20.144605,99.851191,ภาคเหนือ,ป่าตึง,แม่จัน,เชียงราย,กรมทรัพยากรน้ำ ,2021-03-02 16:30:00+07:00,,0.95
STN0029,บ้านแม่สาย (บ้านถ้ำผาจม)*,20.440285,99.873360,ภาคเหนือ,เวียงพางคำ,แม่สาย,เชียงราย,กรมทรัพยากรน้ำ ,2021-03-02 17:00:00+07:00,,1.1
STN0837,บ้านเล่าชีก๋วย*,20.144605,99.851191,ภาคเหนือ,ป่าตึง,แม่จัน,เชียงราย,กรมทรัพยากรน้ำ ,2021-03-02 17:00:00+07:00,,0.95
STN0837,บ้านเล่าชีก๋วย*,20.144605,99.851191,ภาคเหนือ,ป่าตึง,แม่จัน,เชียงราย,กรมทรัพยากรน้ำ ,2021-03-02 17:30:00+07:00,,0.95
STN0029,บ้านแม่สาย (บ้านถ้ำผาจม)*,20.440285,99.873360,ภาคเหนือ,เวียงพางคำ,แม่สาย,เชียงราย,กรมทรัพยากรน้ำ ,2021-03-02 17:30:00+07:00,,1.1
STN0029,บ้านแม่สาย (บ้านถ้ำผาจม)*,20.440285,99.873360,ภาคเหนือ,เวียงพางคำ,แม่สาย,เชียงราย,กรมทรัพยากรน้ำ ,2021-03-02 18:00:00+07:00,,1.11
STN0837,บ้านเล่าชีก๋วย*,20.144605,99.851191,ภาคเหนือ,ป่าตึง,แม่จัน,เชียงราย,กรมทรัพยากรน้ำ ,2021-03-02 18:00:00+07:00,,0.95
STN0837,บ้านเล่าชีก๋วย*,20.144605,99.851191,ภาคเหนือ,ป่าตึง,แม่จัน,เชียงราย,กรมทรัพยากรน้ำ ,2021-03-02 18:30:00+07:00,,0.95
STN0029,บ้านแม่สาย (บ้านถ้ำผาจม)*,20.440285,99.873360,ภาคเหนือ,เวียงพางคำ,แม่สาย,เชียงราย,กรมทรัพยากรน้ำ ,2021-03-02 18:30:00+07:00,,1.11
STN0836,บ้านสามัคคีใหม่*,20.241488,99.766502,ภาคเหนือ,แม่สลองใน,แม่ฟ้าหลวง,เชียงราย,กรมทรัพยากรน้ำ ,2021-03-02 18:45:00+07:00,,0.23
STN0837,บ้านเล่าชีก๋วย*,20.144605,99.851191,ภาคเหนือ,ป่าตึง,แม่จัน,เชียงราย,กรมทรัพยากรน้ำ ,2021-03-02 19:00:00+07:00,,0.95
STN0029,บ้านแม่สาย (บ้านถ้ำผาจม)*,20.440285,99.873360,ภาคเหนือ,เวียงพางคำ,แม่สาย,เชียงราย,กรมทรัพยากรน้ำ ,2021-03-02 19:00:00+07:00,,1.11
STN0837,บ้านเล่าชีก๋วย*,20.144605,99.851191,ภาคเหนือ,ป่าตึง,แม่จัน,เชียงราย,กรมทรัพยากรน้ำ ,2021-03-02 19:30:00+07:00,,0.95
STN0836,บ้านสามัคคีใหม่*,20.241488,99.766502,ภาคเหนือ,แม่สลองใน,แม่ฟ้าหลวง,เชียงราย,กรมทรัพยากรน้ำ ,2021-03-02 19:30:00+07:00,,0.23
STN0029,บ้านแม่สาย (บ้านถ้ำผาจม)*,20.440285,99.873360,ภาคเหนือ,เวียงพางคำ,แม่สาย,เชียงราย,กรมทรัพยากรน้ำ ,2021-03-02 19:30:00+07:00,,1.1
STN0837,บ้านเล่าชีก๋วย*,20.144605,99.851191,ภาคเหนือ,ป่าตึง,แม่จัน,เชียงราย,กรมทรัพยากรน้ำ ,2021-03-02 20:00:00+07:00,,0.95
STN0029,บ้านแม่สาย (บ้านถ้ำผาจม)*,20.440285,99.873360,ภาคเหนือ,เวียงพางคำ,แม่สาย,เชียงราย,กรมทรัพยากรน้ำ ,2021-03-02 20:00:00+07:00,,1.11
STN0836,บ้านสามัคคีใหม่*,20.241488,99.766502,ภาคเหนือ,แม่สลองใน,แม่ฟ้าหลวง,เชียงราย,กรมทรัพยากรน้ำ ,2021-03-02 20:00:00+07:00,,0.23
STN0837,บ้านเล่าชีก๋วย*,20.144605,99.851191,ภาคเหนือ,ป่าตึง,แม่จัน,เชียงราย,กรมทรัพยากรน้ำ ,2021-03-02 20:30:00+07:00,,0.95
STN0836,บ้านสามัคคีใหม่*,20.241488,99.766502,ภาคเหนือ,แม่สลองใน,แม่ฟ้าหลวง,เชียงราย,กรมทรัพยากรน้ำ ,2021-03-02 20:30:00+07:00,,0.23
STN0029,บ้านแม่สาย (บ้านถ้ำผาจม)*,20.440285,99.873360,ภาคเหนือ,เวียงพางคำ,แม่สาย,เชียงราย,กรมทรัพยากรน้ำ ,2021-03-02 20:30:00+07:00,,1.1
STN0029,บ้านแม่สาย (บ้านถ้ำผาจม)*,20.440285,99.873360,ภาคเหนือ,เวียงพางคำ,แม่สาย,เชียงราย,กรมทรัพยากรน้ำ ,2021-03-02 21:00:00+07:00,,1.1
STN0836,บ้านสามัคคีใหม่*,20.241488,99.766502,ภาคเหนือ,แม่สลองใน,แม่ฟ้าหลวง,เชียงราย,กรมทรัพยากรน้ำ ,2021-03-02 22:30:00+07:00,,0.23
STN0029,บ้านแม่สาย (บ้านถ้ำผาจม)*,20.440285,99.873360,ภาคเหนือ,เวียงพางคำ,แม่สาย,เชียงราย,กรมทรัพยากรน้ำ ,2021-03-02 22:30:00+07:00,,1.11
STN0837,บ้านเล่าชีก๋วย*,20.144605,99.851191,ภาคเหนือ,ป่าตึง,แม่จัน,เชียงราย,กรมทรัพยากรน้ำ ,2021-03-02 22:30:00+07:00,,0.95
STN0029,บ้านแม่สาย (บ้านถ้ำผาจม)*,20.440285,99.873360,ภาคเหนือ,เวียงพางคำ,แม่สาย,เชียงราย,กรมทรัพยากรน้ำ ,2021-03-02 23:15:00+07:00,,1.11
STN0836,บ้านสามัคคีใหม่*,20.241488,99.766502,ภาคเหนือ,แม่สลองใน,แม่ฟ้าหลวง,เชียงราย,กรมทรัพยากรน้ำ ,2021-03-02 23:15:00+07:00,,0.22
STN0837,บ้านเล่าชีก๋วย*,20.144605,99.851191,ภาคเหนือ,ป่าตึง,แม่จัน,เชียงราย,กรมทรัพยากรน้ำ ,2021-03-02 23:15:00+07:00,,0.95
STN0837,บ้านเล่าชีก๋วย*,20.144605,99.851191,ภาคเหนือ,ป่าตึง,แม่จัน,เชียงราย,กรมทรัพยากรน้ำ ,2021-03-02 23:45:00+07:00,,0.95
STN0836,บ้านสามัคคีใหม่*,20.241488,99.766502,ภาคเหนือ,แม่สลองใน,แม่ฟ้าหลวง,เชียงราย,กรมทรัพยากรน้ำ ,2021-03-02 23:45:00+07:00,,0.23
STN0029,บ้านแม่สาย (บ้านถ้ำผาจม)*,20.440285,99.873360,ภาคเหนือ,เวียงพางคำ,แม่สาย,เชียงราย,กรมทรัพยากรน้ำ ,2021-03-02 23:45:00+07:00,,1.11
STN0837,บ้านเล่าชีก๋วย*,20.144605,99.851191,ภาคเหนือ,ป่าตึง,แม่จัน,เชียงราย,กรมทรัพยากรน้ำ ,2021-03-03 00:15:00+07:00,,0.95
STN0029,บ้านแม่สาย (บ้านถ้ำผาจม)*,20.440285,99.873360,ภาคเหนือ,เวียงพางคำ,แม่สาย,เชียงราย,กรมทรัพยากรน้ำ ,2021-03-03 00:15:00+07:00,,1.11
STN0836,บ้านสามัคคีใหม่*,20.241488,99.766502,ภาคเหนือ,แม่สลองใน,แม่ฟ้าหลวง,เชียงราย,กรมทรัพยากรน้ำ ,2021-03-03 00:15:00+07:00,,0.23
STN0837,บ้านเล่าชีก๋วย*,20.144605,99.851191,ภาคเหนือ,ป่าตึง,แม่จัน,เชียงราย,กรมทรัพยากรน้ำ ,2021-03-03 00:45:00+07:00,,0.95
STN0836,บ้านสามัคคีใหม่*,20.241488,99.766502,ภาคเหนือ,แม่สลองใน,แม่ฟ้าหลวง,เชียงราย,กรมทรัพยากรน้ำ ,2021-03-03 00:45:00+07:00,,0.23
STN0029,บ้านแม่สาย (บ้านถ้ำผาจม)*,20.440285,99.873360,ภาคเหนือ,เวียงพางคำ,แม่สาย,เชียงราย,กรมทรัพยากรน้ำ ,2021-03-03 00:45:00+07:00,,1.11
STN0836,บ้านสามัคคีใหม่*,20.241488,99.766502,ภาคเหนือ,แม่สลองใน,แม่ฟ้าหลวง,เชียงราย,กรมทรัพยากรน้ำ ,2021-03-03 01:15:00+07:00,,0.23
STN0837,บ้านเล่าชีก๋วย*,20.144605,99.851191,ภาคเหนือ,ป่าตึง,แม่จัน,เชียงราย,กรมทรัพยากรน้ำ ,2021-03-03 01:15:00+07:00,,0.96
STN0029,บ้านแม่สาย (บ้านถ้ำผาจม)*,20.440285,99.873360,ภาคเหนือ,เวียงพางคำ,แม่สาย,เชียงราย,กรมทรัพยากรน้ำ ,2021-03-03 01:15:00+07:00,,1.1
STN0836,บ้านสามัคคีใหม่*,20.241488,99.766502,ภาคเหนือ,แม่สลองใน,แม่ฟ้าหลวง,เชียงราย,กรมทรัพยากรน้ำ ,2021-03-03 01:45:00+07:00,,0.22
STN0837,บ้านเล่าชีก๋วย*,20.144605,99.851191,ภาคเหนือ,ป่าตึง,แม่จัน,เชียงราย,กรมทรัพยากรน้ำ ,2021-03-03 01:45:00+07:00,,0.95
STN0029,บ้านแม่สาย (บ้านถ้ำผาจม)*,20.440285,99.873360,ภาคเหนือ,เวียงพางคำ,แม่สาย,เชียงราย,กรมทรัพยากรน้ำ ,2021-03-03 01:45:00+07:00,,1.11
STN0837,บ้านเล่าชีก๋วย*,20.144605,99.851191,ภาคเหนือ,ป่าตึง,แม่จัน,เชียงราย,กรมทรัพยากรน้ำ ,2021-03-03 02:15:00+07:00,,0.95
STN0029,บ้านแม่สาย (บ้านถ้ำผาจม)*,20.440285,99.873360,ภาคเหนือ,เวียงพางคำ,แม่สาย,เชียงราย,กรมทรัพยากรน้ำ ,2021-03-03 02:15:00+07:00,,1.11
STN0836,บ้านสามัคคีใหม่*,20.241488,99.766502,ภาคเหนือ,แม่สลองใน,แม่ฟ้าหลวง,เชียงราย,กรมทรัพยากรน้ำ ,2021-03-03 02:15:00+07:00,,0.24
STN0836,บ้านสามัคคีใหม่*,20.241488,99.766502,ภาคเหนือ,แม่สลองใน,แม่ฟ้าหลวง,เชียงราย,กรมทรัพยากรน้ำ ,2021-03-03 02:45:00+07:00,,0.23
STN0837,บ้านเล่าชีก๋วย*,20.144605,99.851191,ภาคเหนือ,ป่าตึง,แม่จัน,เชียงราย,กรมทรัพยากรน้ำ ,2021-03-03 02:45:00+07:00,,0.95
STN0029,บ้านแม่สาย (บ้านถ้ำผาจม)*,20.440285,99.873360,ภาคเหนือ,เวียงพางคำ,แม่สาย,เชียงราย,กรมทรัพยากรน้ำ ,2021-03-03 02:45:00+07:00,,1.11
STN0837,บ้านเล่าชีก๋วย*,20.144605,99.851191,ภาคเหนือ,ป่าตึง,แม่จัน,เชียงราย,กรมทรัพยากรน้ำ ,2021-03-03 03:15:00+07:00,,0.95
STN0029,บ้านแม่สาย (บ้านถ้ำผาจม)*,20.440285,99.873360,ภาคเหนือ,เวียงพางคำ,แม่สาย,เชียงราย,กรมทรัพยากรน้ำ ,2021-03-03 03:15:00+07:00,,1.11
STN0836,บ้านสามัคคีใหม่*,20.241488,99.766502,ภาคเหนือ,แม่สลองใน,แม่ฟ้าหลวง,เชียงราย,กรมทรัพยากรน้ำ ,2021-03-03 03:15:00+07:00,,0.23
STN0029,บ้านแม่สาย (บ้านถ้ำผาจม)*,20.440285,99.873360,ภาคเหนือ,เวียงพางคำ,แม่สาย,เชียงราย,กรมทรัพยากรน้ำ ,2021-03-03 03:45:00+07:00,,1.11
STN0837,บ้านเล่าชีก๋วย*,20.144605,99.851191,ภาคเหนือ,ป่าตึง,แม่จัน,เชียงราย,กรมทรัพยากรน้ำ ,2021-03-03 03:45:00+07:00,,0.95
STN0836,บ้านสามัคคีใหม่*,20.241488,99.766502,ภาคเหนือ,แม่สลองใน,แม่ฟ้าหลวง,เชียงราย,กรมทรัพยากรน้ำ ,2021-03-03 03:45:00+07:00,,0.23
STN0836,บ้านสามัคคีใหม่*,20.241488,99.766502,ภาคเหนือ,แม่สลองใน,แม่ฟ้าหลวง,เชียงราย,กรมทรัพยากรน้ำ ,2021-03-03 04:15:00+07:00,,0.23
STN0029,บ้านแม่สาย (บ้านถ้ำผาจม)*,20.440285,99.873360,ภาคเหนือ,เวียงพางคำ,แม่สาย,เชียงราย,กรมทรัพยากรน้ำ ,2021-03-03 04:15:00+07:00,,1.11
STN0837,บ้านเล่าชีก๋วย*,20.144605,99.851191,ภาคเหนือ,ป่าตึง,แม่จัน,เชียงราย,กรมทรัพยากรน้ำ ,2021-03-03 04:15:00+07:00,,0.95
STN0836,บ้านสามัคคีใหม่*,20.241488,99.766502,ภาคเหนือ,แม่สลองใน,แม่ฟ้าหลวง,เชียงราย,กรมทรัพยากรน้ำ ,2021-03-03 04:45:00+07:00,,0.23
STN0029,บ้านแม่สาย (บ้านถ้ำผาจม)*,20.440285,99.873360,ภาคเหนือ,เวียงพางคำ,แม่สาย,เชียงราย,กรมทรัพยากรน้ำ ,2021-03-03 04:45:00+07:00,,1.11
STN0837,บ้านเล่าชีก๋วย*,20.144605,99.851191,ภาคเหนือ,ป่าตึง,แม่จัน,เชียงราย,กรมทรัพยากรน้ำ ,2021-03-03 04:45:00+07:00,,0.95
STN0836,บ้านสามัคคีใหม่*,20.241488,99.766502,ภาคเหนือ,แม่สลองใน,แม่ฟ้าหลวง,เชียงราย,กรมทรัพยากรน้ำ ,2021-03-03 05:15:00+07:00,,0.24
STN0837,บ้านเล่าชีก๋วย*,20.144605,99.851191,ภาคเหนือ,ป่าตึง,แม่จัน,เชียงราย,กรมทรัพยากรน้ำ ,2021-03-03 05:15:00+07:00,,0.95
STN0029,บ้านแม่สาย (บ้านถ้ำผาจม)*,20.440285,99.873360,ภาคเหนือ,เวียงพางคำ,แม่สาย,เชียงราย,กรมทรัพยากรน้ำ ,2021-03-03 05:15:00+07:00,,1.1
STN0836,บ้านสามัคคีใหม่*,20.241488,99.766502,ภาคเหนือ,แม่สลองใน,แม่ฟ้าหลวง,เชียงราย,กรมทรัพยากรน้ำ ,2021-03-03 05:45:00+07:00,,0.23
STN0837,บ้านเล่าชีก๋วย*,20.144605,99.851191,ภาคเหนือ,ป่าตึง,แม่จัน,เชียงราย,กรมทรัพยากรน้ำ ,2021-03-03 05:45:00+07:00,,0.95
STN0029,บ้านแม่สาย (บ้านถ้ำผาจม)*,20.440285,99.873360,ภาคเหนือ,เวียงพางคำ,แม่สาย,เชียงราย,กรมทรัพยากรน้ำ ,2021-03-03 05:45:00+07:00,,1.11
STN0836,บ้านสามัคคีใหม่*,20.241488,99.766502,ภาคเหนือ,แม่สลองใน,แม่ฟ้าหลวง,เชียงราย,กรมทรัพยากรน้ำ ,2021-03-03 06:15:00+07:00,,0.23
STN0029,บ้านแม่สาย (บ้านถ้ำผาจม)*,20.440285,99.873360,ภาคเหนือ,เวียงพางคำ,แม่สาย,เชียงราย,กรมทรัพยากรน้ำ ,2021-03-03 06:15:00+07:00,,1.1
STN0837,บ้านเล่าชีก๋วย*,20.144605,99.851191,ภาคเหนือ,ป่าตึง,แม่จัน,เชียงราย,กรมทรัพยากรน้ำ ,2021-03-03 06:15:00+07:00,,0.95
STN0836,บ้านสามัคคีใหม่*,20.241488,99.766502,ภาคเหนือ,แม่สลองใน,แม่ฟ้าหลวง,เชียงราย,กรมทรัพยากรน้ำ ,2021-03-03 06:45:00+07:00,,0.23
STN0837,บ้านเล่าชีก๋วย*,20.144605,99.851191,ภาคเหนือ,ป่าตึง,แม่จัน,เชียงราย,กรมทรัพยากรน้ำ ,2021-03-03 06:45:00+07:00,,0.95
STN0029,บ้านแม่สาย (บ้านถ้ำผาจม)*,20.440285,99.873360,ภาคเหนือ,เวียงพางคำ,แม่สาย,เชียงราย,กรมทรัพยากรน้ำ ,2021-03-03 06:45:00+07:00,,1.11
STN0836,บ้านสามัคคีใหม่*,20.241488,99.766502,ภาคเหนือ,แม่สลองใน,แม่ฟ้าหลวง,เชียงราย,กรมทรัพยากรน้ำ ,2021-03-03 07:00:00+07:00,,0.23
STN0837,บ้านเล่าชีก๋วย*,20.144605,99.851191,ภาคเหนือ,ป่าตึง,แม่จัน,เชียงราย,กรมทรัพยากรน้ำ ,2021-03-03 07:00:00+07:00,,0.95
STN0029,บ้านแม่สาย (บ้านถ้ำผาจม)*,20.440285,99.873360,ภาคเหนือ,เวียงพางคำ,แม่สาย,เชียงราย,กรมทรัพยากรน้ำ ,2021-03-03 07:00:00+07:00,,1.1
STN0836,บ้านสามัคคีใหม่*,20.241488,99.766502,ภาคเหนือ,แม่สลองใน,แม่ฟ้าหลวง,เชียงราย,กรมทรัพยากรน้ำ ,2021-03-03 07:45:00+07:00,,0.23
STN0837,บ้านเล่าชีก๋วย*,20.144605,99.851191,ภาคเหนือ,ป่าตึง,แม่จัน,เชียงราย,กรมทรัพยากรน้ำ ,2021-03-03 07:45:00+07:00,,0.95
STN0029,บ้านแม่สาย (บ้านถ้ำผาจม)*,20.440285,99.873360,ภาคเหนือ,เวียงพางคำ,แม่สาย,เชียงราย,กรมทรัพยากรน้ำ ,2021-03-03 07:45:00+07:00,,1.11
STN0836,บ้านสามัคคีใหม่*,20.241488,99.766502,ภาคเหนือ,แม่สลองใน,แม่ฟ้าหลวง,เชียงราย,กรมทรัพยากรน้ำ ,2021-03-03 08:15:00+07:00,,0.23
STN0029,บ้านแม่สาย (บ้านถ้ำผาจม)*,20.440285,99.873360,ภาคเหนือ,เวียงพางคำ,แม่สาย,เชียงราย,กรมทรัพยากรน้ำ ,2021-03-03 08:15:00+07:00,,1.11
STN0837,บ้านเล่าชีก๋วย*,20.144605,99.851191,ภาคเหนือ,ป่าตึง,แม่จัน,เชียงราย,กรมทรัพยากรน้ำ ,2021-03-03 08:15:00+07:00,,0.95
STN0837,บ้านเล่าชีก๋วย*,20.144605,99.851191,ภาคเหนือ,ป่าตึง,แม่จัน,เชียงราย,กรมทรัพยากรน้ำ ,2021-03-03 08:45:00+07:00,,0.95
STN0836,บ้านสามัคคีใหม่*,20.241488,99.766502,ภาคเหนือ,แม่สลองใน,แม่ฟ้าหลวง,เชียงราย,กรมทรัพยากรน้ำ ,2021-03-03 08:45:00+07:00,,0.22
STN0029,บ้านแม่สาย (บ้านถ้ำผาจม)*,20.440285,99.873360,ภาคเหนือ,เวียงพางคำ,แม่สาย,เชียงราย,กรมทรัพยากรน้ำ ,2021-03-03 08:45:00+07:00,,1.1
STN0837,บ้านเล่าชีก๋วย*,20.144605,99.851191,ภาคเหนือ,ป่าตึง,แม่จัน,เชียงราย,กรมทรัพยากรน้ำ ,2021-03-03 09:15:00+07:00,,0.95
STN0029,บ้านแม่สาย (บ้านถ้ำผาจม)*,20.440285,99.873360,ภาคเหนือ,เวียงพางคำ,แม่สาย,เชียงราย,กรมทรัพยากรน้ำ ,2021-03-03 09:15:00+07:00,,1.1
STN0836,บ้านสามัคคีใหม่*,20.241488,99.766502,ภาคเหนือ,แม่สลองใน,แม่ฟ้าหลวง,เชียงราย,กรมทรัพยากรน้ำ ,2021-03-03 09:15:00+07:00,,0.23
STN0836,บ้านสามัคคีใหม่*,20.241488,99.766502,ภาคเหนือ,แม่สลองใน,แม่ฟ้าหลวง,เชียงราย,กรมทรัพยากรน้ำ ,2021-03-03 09:45:00+07:00,,0.22
STN0029,บ้านแม่สาย (บ้านถ้ำผาจม)*,20.440285,99.873360,ภาคเหนือ,เวียงพางคำ,แม่สาย,เชียงราย,กรมทรัพยากรน้ำ ,2021-03-03 09:45:00+07:00,,1.11
STN0837,บ้านเล่าชีก๋วย*,20.144605,99.851191,ภาคเหนือ,ป่าตึง,แม่จัน,เชียงราย,กรมทรัพยากรน้ำ ,2021-03-03 09:45:00+07:00,,0.95
STN0029,บ้านแม่สาย (บ้านถ้ำผาจม)*,20.440285,99.873360,ภาคเหนือ,เวียงพางคำ,แม่สาย,เชียงราย,กรมทรัพยากรน้ำ ,2021-03-03 10:15:00+07:00,,1.1
STN0837,บ้านเล่าชีก๋วย*,20.144605,99.851191,ภาคเหนือ,ป่าตึง,แม่จัน,เชียงราย,กรมทรัพยากรน้ำ ,2021-03-03 10:15:00+07:00,,0.95
STN0029,บ้านแม่สาย (บ้านถ้ำผาจม)*,20.440285,99.873360,ภาคเหนือ,เวียงพางคำ,แม่สาย,เชียงราย,กรมทรัพยากรน้ำ ,2021-03-03 10:45:00+07:00,,1.11
STN0837,บ้านเล่าชีก๋วย*,20.144605,99.851191,ภาคเหนือ,ป่าตึง,แม่จัน,เชียงราย,กรมทรัพยากรน้ำ ,2021-03-03 10:45:00+07:00,,0.95
STN0029,บ้านแม่สาย (บ้านถ้ำผาจม)*,20.440285,99.873360,ภาคเหนือ,เวียงพางคำ,แม่สาย,เชียงราย,กรมทรัพยากรน้ำ ,2021-03-03 11:15:00+07:00,,1.11
STN0837,บ้านเล่าชีก๋วย*,20.144605,99.851191,ภาคเหนือ,ป่าตึง,แม่จัน,เชียงราย,กรมทรัพยากรน้ำ ,2021-03-03 11:15:00+07:00,,0.95
STN0837,บ้านเล่าชีก๋วย*,20.144605,99.851191,ภาคเหนือ,ป่าตึง,แม่จัน,เชียงราย,กรมทรัพยากรน้ำ ,2021-03-03 11:45:00+07:00,,0.95
STN0029,บ้านแม่สาย (บ้านถ้ำผาจม)*,20.440285,99.873360,ภาคเหนือ,เวียงพางคำ,แม่สาย,เชียงราย,กรมทรัพยากรน้ำ ,2021-03-03 11:45:00+07:00,,1.11
STN0837,บ้านเล่าชีก๋วย*,20.144605,99.851191,ภาคเหนือ,ป่าตึง,แม่จัน,เชียงราย,กรมทรัพยากรน้ำ ,2021-03-03 12:15:00+07:00,,0.95
STN0029,บ้านแม่สาย (บ้านถ้ำผาจม)*,20.440285,99.873360,ภาคเหนือ,เวียงพางคำ,แม่สาย,เชียงราย,กรมทรัพยากรน้ำ ,2021-03-03 12:15:00+07:00,,1.1
STN0837,บ้านเล่าชีก๋วย*,20.144605,99.851191,ภาคเหนือ,ป่าตึง,แม่จัน,เชียงราย,กรมทรัพยากรน้ำ ,2021-03-03 12:45:00+07:00,,0.95
STN0029,บ้านแม่สาย (บ้านถ้ำผาจม)*,20.440285,99.873360,ภาคเหนือ,เวียงพางคำ,แม่สาย,เชียงราย,กรมทรัพยากรน้ำ ,2021-03-03 12:45:00+07:00,,1.11
STN0029,บ้านแม่สาย (บ้านถ้ำผาจม)*,20.440285,99.873360,ภาคเหนือ,เวียงพางคำ,แม่สาย,เชียงราย,กรมทรัพยากรน้ำ ,2021-03-03 13:15:00+07:00,,1.1
STN0837,บ้านเล่าชีก๋วย*,20.144605,99.851191,ภาคเหนือ,ป่าตึง,แม่จัน,เชียงราย,กรมทรัพยากรน้ำ ,2021-03-03 13:15:00+07:00,,0.95
STN0837,บ้านเล่าชีก๋วย*,20.144605,99.851191,ภาคเหนือ,ป่าตึง,แม่จัน,เชียงราย,กรมทรัพยากรน้ำ ,2021-03-03 13:45:00+07:00,,0.95
STN0029,บ้านแม่สาย (บ้านถ้ำผาจม)*,20.440285,99.873360,ภาคเหนือ,เวียงพางคำ,แม่สาย,เชียงราย,กรมทรัพยากรน้ำ ,2021-03-03 13:45:00+07:00,,1.11
STN0837,บ้านเล่าชีก๋วย*,20.144605,99.851191,ภาคเหนือ,ป่าตึง,แม่จัน,เชียงราย,กรมทรัพยากรน้ำ ,2021-03-03 14:15:00+07:00,,0.95
STN0029,บ้านแม่สาย (บ้านถ้ำผาจม)*,20.440285,99.873360,ภาคเหนือ,เวียงพางคำ,แม่สาย,เชียงราย,กรมทรัพยากรน้ำ ,2021-03-03 14:15:00+07:00,,1.1
STN0837,บ้านเล่าชีก๋วย*,20.144605,99.851191,ภาคเหนือ,ป่าตึง,แม่จัน,เชียงราย,กรมทรัพยากรน้ำ ,2021-03-03 14:45:00+07:00,,0.95
STN0029,บ้านแม่สาย (บ้านถ้ำผาจม)*,20.440285,99.873360,ภาคเหนือ,เวียงพางคำ,แม่สาย,เชียงราย,กรมทรัพยากรน้ำ ,2021-03-03 14:45:00+07:00,,1.1
STN0837,บ้านเล่าชีก๋วย*,20.144605,99.851191,ภาคเหนือ,ป่าตึง,แม่จัน,เชียงราย,กรมทรัพยากรน้ำ ,2021-03-03 15:15:00+07:00,,0.95
STN0029,บ้านแม่สาย (บ้านถ้ำผาจม)*,20.440285,99.873360,ภาคเหนือ,เวียงพางคำ,แม่สาย,เชียงราย,กรมทรัพยากรน้ำ ,2021-03-03 15:15:00+07:00,,1.09
STN0837,บ้านเล่าชีก๋วย*,20.144605,99.851191,ภาคเหนือ,ป่าตึง,แม่จัน,เชียงราย,กรมทรัพยากรน้ำ ,2021-03-03 15:45:00+07:00,,0.95
STN0029,บ้านแม่สาย (บ้านถ้ำผาจม)*,20.440285,99.873360,ภาคเหนือ,เวียงพางคำ,แม่สาย,เชียงราย,กรมทรัพยากรน้ำ ,2021-03-03 15:45:00+07:00,,1.11
STN0837,บ้านเล่าชีก๋วย*,20.144605,99.851191,ภาคเหนือ,ป่าตึง,แม่จัน,เชียงราย,กรมทรัพยากรน้ำ ,2021-03-03 16:15:00+07:00,,0.95
STN0029,บ้านแม่สาย (บ้านถ้ำผาจม)*,20.440285,99.873360,ภาคเหนือ,เวียงพางคำ,แม่สาย,เชียงราย,กรมทรัพยากรน้ำ ,2021-03-03 16:15:00+07:00,,1.1
STN0029,บ้านแม่สาย (บ้านถ้ำผาจม)*,20.440285,99.873360,ภาคเหนือ,เวียงพางคำ,แม่สาย,เชียงราย,กรมทรัพยากรน้ำ ,2021-03-03 16:45:00+07:00,,1.11
STN0836,บ้านสามัคคีใหม่*,20.241488,99.766502,ภาคเหนือ,แม่สลองใน,แม่ฟ้าหลวง,เชียงราย,กรมทรัพยากรน้ำ ,2021-03-03 16:45:00+07:00,,0.23
STN0837,บ้านเล่าชีก๋วย*,20.144605,99.851191,ภาคเหนือ,ป่าตึง,แม่จัน,เชียงราย,กรมทรัพยากรน้ำ ,2021-03-03 16:45:00+07:00,,0.95
STN0029,บ้านแม่สาย (บ้านถ้ำผาจม)*,20.440285,99.873360,ภาคเหนือ,เวียงพางคำ,แม่สาย,เชียงราย,กรมทรัพยากรน้ำ ,2021-03-03 17:15:00+07:00,,1.1
STN0836,บ้านสามัคคีใหม่*,20.241488,99.766502,ภาคเหนือ,แม่สลองใน,แม่ฟ้าหลวง,เชียงราย,กรมทรัพยากรน้ำ ,2021-03-03 17:15:00+07:00,,0.23
STN0837,บ้านเล่าชีก๋วย*,20.144605,99.851191,ภาคเหนือ,ป่าตึง,แม่จัน,เชียงราย,กรมทรัพยากรน้ำ ,2021-03-03 17:15:00+07:00,,0.95
STN0837,บ้านเล่าชีก๋วย*,20.144605,99.851191,ภาคเหนือ,ป่าตึง,แม่จัน,เชียงราย,กรมทรัพยากรน้ำ ,2021-03-03 17:45:00+07:00,,0.95
STN0029,บ้านแม่สาย (บ้านถ้ำผาจม)*,20.440285,99.873360,ภาคเหนือ,เวียงพางคำ,แม่สาย,เชียงราย,กรมทรัพยากรน้ำ ,2021-03-03 17:45:00+07:00,,1.1
STN0836,บ้านสามัคคีใหม่*,20.241488,99.766502,ภาคเหนือ,แม่สลองใน,แม่ฟ้าหลวง,เชียงราย,กรมทรัพยากรน้ำ ,2021-03-03 17:45:00+07:00,,0.23
STN0836,บ้านสามัคคีใหม่*,20.241488,99.766502,ภาคเหนือ,แม่สลองใน,แม่ฟ้าหลวง,เชียงราย,กรมทรัพยากรน้ำ ,2021-03-03 18:15:00+07:00,,0.23
STN0029,บ้านแม่สาย (บ้านถ้ำผาจม)*,20.440285,99.873360,ภาคเหนือ,เวียงพางคำ,แม่สาย,เชียงราย,กรมทรัพยากรน้ำ ,2021-03-03 18:15:00+07:00,,1.1
STN0837,บ้านเล่าชีก๋วย*,20.144605,99.851191,ภาคเหนือ,ป่าตึง,แม่จัน,เชียงราย,กรมทรัพยากรน้ำ ,2021-03-03 18:15:00+07:00,,0.95
STN0836,บ้านสามัคคีใหม่*,20.241488,99.766502,ภาคเหนือ,แม่สลองใน,แม่ฟ้าหลวง,เชียงราย,กรมทรัพยากรน้ำ ,2021-03-03 18:45:00+07:00,,0.23
STN0029,บ้านแม่สาย (บ้านถ้ำผาจม)*,20.440285,99.873360,ภาคเหนือ,เวียงพางคำ,แม่สาย,เชียงราย,กรมทรัพยากรน้ำ ,2021-03-03 18:45:00+07:00,,1.1
STN0837,บ้านเล่าชีก๋วย*,20.144605,99.851191,ภาคเหนือ,ป่าตึง,แม่จัน,เชียงราย,กรมทรัพยากรน้ำ ,2021-03-03 18:45:00+07:00,,0.95
STN0837,บ้านเล่าชีก๋วย*,20.144605,99.851191,ภาคเหนือ,ป่าตึง,แม่จัน,เชียงราย,กรมทรัพยากรน้ำ ,2021-03-03 19:15:00+07:00,,0.95
STN0029,บ้านแม่สาย (บ้านถ้ำผาจม)*,20.440285,99.873360,ภาคเหนือ,เวียงพางคำ,แม่สาย,เชียงราย,กรมทรัพยากรน้ำ ,2021-03-03 19:15:00+07:00,,1.1
STN0836,บ้านสามัคคีใหม่*,20.241488,99.766502,ภาคเหนือ,แม่สลองใน,แม่ฟ้าหลวง,เชียงราย,กรมทรัพยากรน้ำ ,2021-03-03 19:15:00+07:00,,0.23
STN0837,บ้านเล่าชีก๋วย*,20.144605,99.851191,ภาคเหนือ,ป่าตึง,แม่จัน,เชียงราย,กรมทรัพยากรน้ำ ,2021-03-03 19:45:00+07:00,,0.95
STN0029,บ้านแม่สาย (บ้านถ้ำผาจม)*,20.440285,99.873360,ภาคเหนือ,เวียงพางคำ,แม่สาย,เชียงราย,กรมทรัพยากรน้ำ ,2021-03-03 19:45:00+07:00,,1.1
STN0836,บ้านสามัคคีใหม่*,20.241488,99.766502,ภาคเหนือ,แม่สลองใน,แม่ฟ้าหลวง,เชียงราย,กรมทรัพยากรน้ำ ,2021-03-03 19:45:00+07:00,,0.24
STN0837,บ้านเล่าชีก๋วย*,20.144605,99.851191,ภาคเหนือ,ป่าตึง,แม่จัน,เชียงราย,กรมทรัพยากรน้ำ ,2021-03-03 20:15:00+07:00,,0.95
STN0836,บ้านสามัคคีใหม่*,20.241488,99.766502,ภาคเหนือ,แม่สลองใน,แม่ฟ้าหลวง,เชียงราย,กรมทรัพยากรน้ำ ,2021-03-03 20:15:00+07:00,,0.23
STN0029,บ้านแม่สาย (บ้านถ้ำผาจม)*,20.440285,99.873360,ภาคเหนือ,เวียงพางคำ,แม่สาย,เชียงราย,กรมทรัพยากรน้ำ ,2021-03-03 20:15:00+07:00,,1.1
STN0837,บ้านเล่าชีก๋วย*,20.144605,99.851191,ภาคเหนือ,ป่าตึง,แม่จัน,เชียงราย,กรมทรัพยากรน้ำ ,2021-03-03 20:45:00+07:00,,0.95
STN0029,บ้านแม่สาย (บ้านถ้ำผาจม)*,20.440285,99.873360,ภาคเหนือ,เวียงพางคำ,แม่สาย,เชียงราย,กรมทรัพยากรน้ำ ,2021-03-03 20:45:00+07:00,,1.1
STN0836,บ้านสามัคคีใหม่*,20.241488,99.766502,ภาคเหนือ,แม่สลองใน,แม่ฟ้าหลวง,เชียงราย,กรมทรัพยากรน้ำ ,2021-03-03 20:45:00+07:00,,0.23
STN0836,บ้านสามัคคีใหม่*,20.241488,99.766502,ภาคเหนือ,แม่สลองใน,แม่ฟ้าหลวง,เชียงราย,กรมทรัพยากรน้ำ ,2021-03-03 21:15:00+07:00,,0.23
STN0029,บ้านแม่สาย (บ้านถ้ำผาจม)*,20.440285,99.873360,ภาคเหนือ,เวียงพางคำ,แม่สาย,เชียงราย,กรมทรัพยากรน้ำ ,2021-03-03 21:15:00+07:00,,1.11
STN0837,บ้านเล่าชีก๋วย*,20.144605,99.851191,ภาคเหนือ,ป่าตึง,แม่จัน,เชียงราย,กรมทรัพยากรน้ำ ,2021-03-03 21:15:00+07:00,,0.95
STN0836,บ้านสามัคคีใหม่*,20.241488,99.766502,ภาคเหนือ,แม่สลองใน,แม่ฟ้าหลวง,เชียงราย,กรมทรัพยากรน้ำ ,2021-03-03 21:30:00+07:00,,0.22
STN0029,บ้านแม่สาย (บ้านถ้ำผาจม)*,20.440285,99.873360,ภาคเหนือ,เวียงพางคำ,แม่สาย,เชียงราย,กรมทรัพยากรน้ำ ,2021-03-03 21:45:00+07:00,,1.11
STN0837,บ้านเล่าชีก๋วย*,20.144605,99.851191,ภาคเหนือ,ป่าตึง,แม่จัน,เชียงราย,กรมทรัพยากรน้ำ ,2021-03-03 21:45:00+07:00,,0.95
STN0836,บ้านสามัคคีใหม่*,20.241488,99.766502,ภาคเหนือ,แม่สลองใน,แม่ฟ้าหลวง,เชียงราย,กรมทรัพยากรน้ำ ,2021-03-03 22:15:00+07:00,,0.23
STN0029,บ้านแม่สาย (บ้านถ้ำผาจม)*,20.440285,99.873360,ภาคเหนือ,เวียงพางคำ,แม่สาย,เชียงราย,กรมทรัพยากรน้ำ ,2021-03-03 22:15:00+07:00,,1.11
STN0837,บ้านเล่าชีก๋วย*,20.144605,99.851191,ภาคเหนือ,ป่าตึง,แม่จัน,เชียงราย,กรมทรัพยากรน้ำ ,2021-03-03 22:15:00+07:00,,0.95
STN0029,บ้านแม่สาย (บ้านถ้ำผาจม)*,20.440285,99.873360,ภาคเหนือ,เวียงพางคำ,แม่สาย,เชียงราย,กรมทรัพยากรน้ำ ,2021-03-03 22:45:00+07:00,,1.1
STN0837,บ้านเล่าชีก๋วย*,20.144605,99.851191,ภาคเหนือ,ป่าตึง,แม่จัน,เชียงราย,กรมทรัพยากรน้ำ ,2021-03-03 22:45:00+07:00,,0.95
STN0837,บ้านเล่าชีก๋วย*,20.144605,99.851191,ภาคเหนือ,ป่าตึง,แม่จัน,เชียงราย,กรมทรัพยากรน้ำ ,2021-03-03 23:15:00+07:00,,0.95
STN0029,บ้านแม่สาย (บ้านถ้ำผาจม)*,20.440285,99.873360,ภาคเหนือ,เวียงพางคำ,แม่สาย,เชียงราย,กรมทรัพยากรน้ำ ,2021-03-03 23:15:00+07:00,,1.11
STN0836,บ้านสามัคคีใหม่*,20.241488,99.766502,ภาคเหนือ,แม่สลองใน,แม่ฟ้าหลวง,เชียงราย,กรมทรัพยากรน้ำ ,2021-03-03 23:15:00+07:00,,0.24
STN0837,บ้านเล่าชีก๋วย*,20.144605,99.851191,ภาคเหนือ,ป่าตึง,แม่จัน,เชียงราย,กรมทรัพยากรน้ำ ,2021-03-03 23:45:00+07:00,,0.95
STN0029,บ้านแม่สาย (บ้านถ้ำผาจม)*,20.440285,99.873360,ภาคเหนือ,เวียงพางคำ,แม่สาย,เชียงราย,กรมทรัพยากรน้ำ ,2021-03-03 23:45:00+07:00,,1.11
STN0836,บ้านสามัคคีใหม่*,20.241488,99.766502,ภาคเหนือ,แม่สลองใน,แม่ฟ้าหลวง,เชียงราย,กรมทรัพยากรน้ำ ,2021-03-03 23:45:00+07:00,,0.23
STN0029,บ้านแม่สาย (บ้านถ้ำผาจม)*,20.440285,99.873360,ภาคเหนือ,เวียงพางคำ,แม่สาย,เชียงราย,กรมทรัพยากรน้ำ ,2021-03-04 00:15:00+07:00,,1.1
STN0837,บ้านเล่าชีก๋วย*,20.144605,99.851191,ภาคเหนือ,ป่าตึง,แม่จัน,เชียงราย,กรมทรัพยากรน้ำ ,2021-03-04 00:15:00+07:00,,0.95
STN0836,บ้านสามัคคีใหม่*,20.241488,99.766502,ภาคเหนือ,แม่สลองใน,แม่ฟ้าหลวง,เชียงราย,กรมทรัพยากรน้ำ ,2021-03-04 00:15:00+07:00,,0.23
STN0029,บ้านแม่สาย (บ้านถ้ำผาจม)*,20.440285,99.873360,ภาคเหนือ,เวียงพางคำ,แม่สาย,เชียงราย,กรมทรัพยากรน้ำ ,2021-03-04 00:45:00+07:00,,1.11
STN0837,บ้านเล่าชีก๋วย*,20.144605,99.851191,ภาคเหนือ,ป่าตึง,แม่จัน,เชียงราย,กรมทรัพยากรน้ำ ,2021-03-04 00:45:00+07:00,,0.95
STN0836,บ้านสามัคคีใหม่*,20.241488,99.766502,ภาคเหนือ,แม่สลองใน,แม่ฟ้าหลวง,เชียงราย,กรมทรัพยากรน้ำ ,2021-03-04 00:45:00+07:00,,0.23
STN0836,บ้านสามัคคีใหม่*,20.241488,99.766502,ภาคเหนือ,แม่สลองใน,แม่ฟ้าหลวง,เชียงราย,กรมทรัพยากรน้ำ ,2021-03-04 01:15:00+07:00,,0.23
STN0029,บ้านแม่สาย (บ้านถ้ำผาจม)*,20.440285,99.873360,ภาคเหนือ,เวียงพางคำ,แม่สาย,เชียงราย,กรมทรัพยากรน้ำ ,2021-03-04 01:15:00+07:00,,1.1
STN0837,บ้านเล่าชีก๋วย*,20.144605,99.851191,ภาคเหนือ,ป่าตึง,แม่จัน,เชียงราย,กรมทรัพยากรน้ำ ,2021-03-04 01:15:00+07:00,,0.95
STN0836,บ้านสามัคคีใหม่*,20.241488,99.766502,ภาคเหนือ,แม่สลองใน,แม่ฟ้าหลวง,เชียงราย,กรมทรัพยากรน้ำ ,2021-03-04 01:45:00+07:00,,0.23
STN0837,บ้านเล่าชีก๋วย*,20.144605,99.851191,ภาคเหนือ,ป่าตึง,แม่จัน,เชียงราย,กรมทรัพยากรน้ำ ,2021-03-04 01:45:00+07:00,,0.95
STN0029,บ้านแม่สาย (บ้านถ้ำผาจม)*,20.440285,99.873360,ภาคเหนือ,เวียงพางคำ,แม่สาย,เชียงราย,กรมทรัพยากรน้ำ ,2021-03-04 01:45:00+07:00,,1.11
STN0029,บ้านแม่สาย (บ้านถ้ำผาจม)*,20.440285,99.873360,ภาคเหนือ,เวียงพางคำ,แม่สาย,เชียงราย,กรมทรัพยากรน้ำ ,2021-03-04 02:15:00+07:00,,1.1
STN0836,บ้านสามัคคีใหม่*,20.241488,99.766502,ภาคเหนือ,แม่สลองใน,แม่ฟ้าหลวง,เชียงราย,กรมทรัพยากรน้ำ ,2021-03-04 02:15:00+07:00,,0.23
STN0837,บ้านเล่าชีก๋วย*,20.144605,99.851191,ภาคเหนือ,ป่าตึง,แม่จัน,เชียงราย,กรมทรัพยากรน้ำ ,2021-03-04 02:15:00+07:00,,0.95
STN0836,บ้านสามัคคีใหม่*,20.241488,99.766502,ภาคเหนือ,แม่สลองใน,แม่ฟ้าหลวง,เชียงราย,กรมทรัพยากรน้ำ ,2021-03-04 02:45:00+07:00,,0.23
STN0029,บ้านแม่สาย (บ้านถ้ำผาจม)*,20.440285,99.873360,ภาคเหนือ,เวียงพางคำ,แม่สาย,เชียงราย,กรมทรัพยากรน้ำ ,2021-03-04 02:45:00+07:00,,1.1
STN0837,บ้านเล่าชีก๋วย*,20.144605,99.851191,ภาคเหนือ,ป่าตึง,แม่จัน,เชียงราย,กรมทรัพยากรน้ำ ,2021-03-04 02:45:00+07:00,,0.95
STN0837,บ้านเล่าชีก๋วย*,20.144605,99.851191,ภาคเหนือ,ป่าตึง,แม่จัน,เชียงราย,กรมทรัพยากรน้ำ ,2021-03-04 03:15:00+07:00,,0.95
STN0029,บ้านแม่สาย (บ้านถ้ำผาจม)*,20.440285,99.873360,ภาคเหนือ,เวียงพางคำ,แม่สาย,เชียงราย,กรมทรัพยากรน้ำ ,2021-03-04 03:15:00+07:00,,1.11
STN0836,บ้านสามัคคีใหม่*,20.241488,99.766502,ภาคเหนือ,แม่สลองใน,แม่ฟ้าหลวง,เชียงราย,กรมทรัพยากรน้ำ ,2021-03-04 03:15:00+07:00,,0.23
STN0837,บ้านเล่าชีก๋วย*,20.144605,99.851191,ภาคเหนือ,ป่าตึง,แม่จัน,เชียงราย,กรมทรัพยากรน้ำ ,2021-03-04 03:45:00+07:00,,0.95
STN0836,บ้านสามัคคีใหม่*,20.241488,99.766502,ภาคเหนือ,แม่สลองใน,แม่ฟ้าหลวง,เชียงราย,กรมทรัพยากรน้ำ ,2021-03-04 03:45:00+07:00,,0.22
STN0029,บ้านแม่สาย (บ้านถ้ำผาจม)*,20.440285,99.873360,ภาคเหนือ,เวียงพางคำ,แม่สาย,เชียงราย,กรมทรัพยากรน้ำ ,2021-03-04 03:45:00+07:00,,1.11
STN0029,บ้านแม่สาย (บ้านถ้ำผาจม)*,20.440285,99.873360,ภาคเหนือ,เวียงพางคำ,แม่สาย,เชียงราย,กรมทรัพยากรน้ำ ,2021-03-04 04:15:00+07:00,,1.11
STN0836,บ้านสามัคคีใหม่*,20.241488,99.766502,ภาคเหนือ,แม่สลองใน,แม่ฟ้าหลวง,เชียงราย,กรมทรัพยากรน้ำ ,2021-03-04 04:15:00+07:00,,0.24
STN0837,บ้านเล่าชีก๋วย*,20.144605,99.851191,ภาคเหนือ,ป่าตึง,แม่จัน,เชียงราย,กรมทรัพยากรน้ำ ,2021-03-04 04:15:00+07:00,,0.95
STN0837,บ้านเล่าชีก๋วย*,20.144605,99.851191,ภาคเหนือ,ป่าตึง,แม่จัน,เชียงราย,กรมทรัพยากรน้ำ ,2021-03-04 04:45:00+07:00,,0.95
STN0029,บ้านแม่สาย (บ้านถ้ำผาจม)*,20.440285,99.873360,ภาคเหนือ,เวียงพางคำ,แม่สาย,เชียงราย,กรมทรัพยากรน้ำ ,2021-03-04 04:45:00+07:00,,1.11
STN0836,บ้านสามัคคีใหม่*,20.241488,99.766502,ภาคเหนือ,แม่สลองใน,แม่ฟ้าหลวง,เชียงราย,กรมทรัพยากรน้ำ ,2021-03-04 04:45:00+07:00,,0.23
STN0029,บ้านแม่สาย (บ้านถ้ำผาจม)*,20.440285,99.873360,ภาคเหนือ,เวียงพางคำ,แม่สาย,เชียงราย,กรมทรัพยากรน้ำ ,2021-03-04 05:15:00+07:00,,1.11
STN0837,บ้านเล่าชีก๋วย*,20.144605,99.851191,ภาคเหนือ,ป่าตึง,แม่จัน,เชียงราย,กรมทรัพยากรน้ำ ,2021-03-04 05:15:00+07:00,,0.95
STN0836,บ้านสามัคคีใหม่*,20.241488,99.766502,ภาคเหนือ,แม่สลองใน,แม่ฟ้าหลวง,เชียงราย,กรมทรัพยากรน้ำ ,2021-03-04 05:15:00+07:00,,0.23
STN0836,บ้านสามัคคีใหม่*,20.241488,99.766502,ภาคเหนือ,แม่สลองใน,แม่ฟ้าหลวง,เชียงราย,กรมทรัพยากรน้ำ ,2021-03-04 05:45:00+07:00,,0.23
STN0837,บ้านเล่าชีก๋วย*,20.144605,99.851191,ภาคเหนือ,ป่าตึง,แม่จัน,เชียงราย,กรมทรัพยากรน้ำ ,2021-03-04 05:45:00+07:00,,0.95
STN0029,บ้านแม่สาย (บ้านถ้ำผาจม)*,20.440285,99.873360,ภาคเหนือ,เวียงพางคำ,แม่สาย,เชียงราย,กรมทรัพยากรน้ำ ,2021-03-04 05:45:00+07:00,,1.11
STN0836,บ้านสามัคคีใหม่*,20.241488,99.766502,ภาคเหนือ,แม่สลองใน,แม่ฟ้าหลวง,เชียงราย,กรมทรัพยากรน้ำ ,2021-03-04 06:15:00+07:00,,0.22
STN0029,บ้านแม่สาย (บ้านถ้ำผาจม)*,20.440285,99.873360,ภาคเหนือ,เวียงพางคำ,แม่สาย,เชียงราย,กรมทรัพยากรน้ำ ,2021-03-04 06:15:00+07:00,,1.11
STN0837,บ้านเล่าชีก๋วย*,20.144605,99.851191,ภาคเหนือ,ป่าตึง,แม่จัน,เชียงราย,กรมทรัพยากรน้ำ ,2021-03-04 06:15:00+07:00,,0.95
STN0836,บ้านสามัคคีใหม่*,20.241488,99.766502,ภาคเหนือ,แม่สลองใน,แม่ฟ้าหลวง,เชียงราย,กรมทรัพยากรน้ำ ,2021-03-04 06:45:00+07:00,,0.22
STN0029,บ้านแม่สาย (บ้านถ้ำผาจม)*,20.440285,99.873360,ภาคเหนือ,เวียงพางคำ,แม่สาย,เชียงราย,กรมทรัพยากรน้ำ ,2021-03-04 06:45:00+07:00,,1.1
STN0837,บ้านเล่าชีก๋วย*,20.144605,99.851191,ภาคเหนือ,ป่าตึง,แม่จัน,เชียงราย,กรมทรัพยากรน้ำ ,2021-03-04 06:45:00+07:00,,0.95
STN0837,บ้านเล่าชีก๋วย*,20.144605,99.851191,ภาคเหนือ,ป่าตึง,แม่จัน,เชียงราย,กรมทรัพยากรน้ำ ,2021-03-04 07:15:00+07:00,,0.95
STN0029,บ้านแม่สาย (บ้านถ้ำผาจม)*,20.440285,99.873360,ภาคเหนือ,เวียงพางคำ,แม่สาย,เชียงราย,กรมทรัพยากรน้ำ ,2021-03-04 07:15:00+07:00,,1.11
STN0836,บ้านสามัคคีใหม่*,20.241488,99.766502,ภาคเหนือ,แม่สลองใน,แม่ฟ้าหลวง,เชียงราย,กรมทรัพยากรน้ำ ,2021-03-04 07:15:00+07:00,,0.23
STN0836,บ้านสามัคคีใหม่*,20.241488,99.766502,ภาคเหนือ,แม่สลองใน,แม่ฟ้าหลวง,เชียงราย,กรมทรัพยากรน้ำ ,2021-03-04 07:45:00+07:00,,0.24
STN0837,บ้านเล่าชีก๋วย*,20.144605,99.851191,ภาคเหนือ,ป่าตึง,แม่จัน,เชียงราย,กรมทรัพยากรน้ำ ,2021-03-04 07:45:00+07:00,,0.95
STN0029,บ้านแม่สาย (บ้านถ้ำผาจม)*,20.440285,99.873360,ภาคเหนือ,เวียงพางคำ,แม่สาย,เชียงราย,กรมทรัพยากรน้ำ ,2021-03-04 07:45:00+07:00,,1.1
STN0029,บ้านแม่สาย (บ้านถ้ำผาจม)*,20.440285,99.873360,ภาคเหนือ,เวียงพางคำ,แม่สาย,เชียงราย,กรมทรัพยากรน้ำ ,2021-03-04 08:15:00+07:00,,1.11
STN0837,บ้านเล่าชีก๋วย*,20.144605,99.851191,ภาคเหนือ,ป่าตึง,แม่จัน,เชียงราย,กรมทรัพยากรน้ำ ,2021-03-04 08:15:00+07:00,,0.95
STN0836,บ้านสามัคคีใหม่*,20.241488,99.766502,ภาคเหนือ,แม่สลองใน,แม่ฟ้าหลวง,เชียงราย,กรมทรัพยากรน้ำ ,2021-03-04 08:15:00+07:00,,0.23
STN0029,บ้านแม่สาย (บ้านถ้ำผาจม)*,20.440285,99.873360,ภาคเหนือ,เวียงพางคำ,แม่สาย,เชียงราย,กรมทรัพยากรน้ำ ,2021-03-04 08:45:00+07:00,,1.11
STN0837,บ้านเล่าชีก๋วย*,20.144605,99.851191,ภาคเหนือ,ป่าตึง,แม่จัน,เชียงราย,กรมทรัพยากรน้ำ ,2021-03-04 08:45:00+07:00,,0.95
STN0836,บ้านสามัคคีใหม่*,20.241488,99.766502,ภาคเหนือ,แม่สลองใน,แม่ฟ้าหลวง,เชียงราย,กรมทรัพยากรน้ำ ,2021-03-04 08:45:00+07:00,,0.22
STN0836,บ้านสามัคคีใหม่*,20.241488,99.766502,ภาคเหนือ,แม่สลองใน,แม่ฟ้าหลวง,เชียงราย,กรมทรัพยากรน้ำ ,2021-03-04 09:15:00+07:00,,0.23
STN0029,บ้านแม่สาย (บ้านถ้ำผาจม)*,20.440285,99.873360,ภาคเหนือ,เวียงพางคำ,แม่สาย,เชียงราย,กรมทรัพยากรน้ำ ,2021-03-04 09:15:00+07:00,,1.1
STN0837,บ้านเล่าชีก๋วย*,20.144605,99.851191,ภาคเหนือ,ป่าตึง,แม่จัน,เชียงราย,กรมทรัพยากรน้ำ ,2021-03-04 09:15:00+07:00,,0.95
STN0029,บ้านแม่สาย (บ้านถ้ำผาจม)*,20.440285,99.873360,ภาคเหนือ,เวียงพางคำ,แม่สาย,เชียงราย,กรมทรัพยากรน้ำ ,2021-03-04 09:45:00+07:00,,1.11
STN0837,บ้านเล่าชีก๋วย*,20.144605,99.851191,ภาคเหนือ,ป่าตึง,แม่จัน,เชียงราย,กรมทรัพยากรน้ำ ,2021-03-04 09:45:00+07:00,,0.95
STN0836,บ้านสามัคคีใหม่*,20.241488,99.766502,ภาคเหนือ,แม่สลองใน,แม่ฟ้าหลวง,เชียงราย,กรมทรัพยากรน้ำ ,2021-03-04 09:45:00+07:00,,0.23
STN0029,บ้านแม่สาย (บ้านถ้ำผาจม)*,20.440285,99.873360,ภาคเหนือ,เวียงพางคำ,แม่สาย,เชียงราย,กรมทรัพยากรน้ำ ,2021-03-04 10:15:00+07:00,,1.11
STN0837,บ้านเล่าชีก๋วย*,20.144605,99.851191,ภาคเหนือ,ป่าตึง,แม่จัน,เชียงราย,กรมทรัพยากรน้ำ ,2021-03-04 10:15:00+07:00,,0.95
STN0836,บ้านสามัคคีใหม่*,20.241488,99.766502,ภาคเหนือ,แม่สลองใน,แม่ฟ้าหลวง,เชียงราย,กรมทรัพยากรน้ำ ,2021-03-04 10:15:00+07:00,,0.22
STN0836,บ้านสามัคคีใหม่*,20.241488,99.766502,ภาคเหนือ,แม่สลองใน,แม่ฟ้าหลวง,เชียงราย,กรมทรัพยากรน้ำ ,2021-03-04 10:45:00+07:00,,0.23
STN0029,บ้านแม่สาย (บ้านถ้ำผาจม)*,20.440285,99.873360,ภาคเหนือ,เวียงพางคำ,แม่สาย,เชียงราย,กรมทรัพยากรน้ำ ,2021-03-04 10:45:00+07:00,,1.11
STN0837,บ้านเล่าชีก๋วย*,20.144605,99.851191,ภาคเหนือ,ป่าตึง,แม่จัน,เชียงราย,กรมทรัพยากรน้ำ ,2021-03-04 10:45:00+07:00,,0.95
STN0837,บ้านเล่าชีก๋วย*,20.144605,99.851191,ภาคเหนือ,ป่าตึง,แม่จัน,เชียงราย,กรมทรัพยากรน้ำ ,2021-03-04 11:15:00+07:00,,0.95
STN0836,บ้านสามัคคีใหม่*,20.241488,99.766502,ภาคเหนือ,แม่สลองใน,แม่ฟ้าหลวง,เชียงราย,กรมทรัพยากรน้ำ ,2021-03-04 11:15:00+07:00,,0.23
STN0029,บ้านแม่สาย (บ้านถ้ำผาจม)*,20.440285,99.873360,ภาคเหนือ,เวียงพางคำ,แม่สาย,เชียงราย,กรมทรัพยากรน้ำ ,2021-03-04 11:15:00+07:00,,1.1
STN0837,บ้านเล่าชีก๋วย*,20.144605,99.851191,ภาคเหนือ,ป่าตึง,แม่จัน,เชียงราย,กรมทรัพยากรน้ำ ,2021-03-04 11:45:00+07:00,,0.95
STN0029,บ้านแม่สาย (บ้านถ้ำผาจม)*,20.440285,99.873360,ภาคเหนือ,เวียงพางคำ,แม่สาย,เชียงราย,กรมทรัพยากรน้ำ ,2021-03-04 11:45:00+07:00,,1.1
STN0836,บ้านสามัคคีใหม่*,20.241488,99.766502,ภาคเหนือ,แม่สลองใน,แม่ฟ้าหลวง,เชียงราย,กรมทรัพยากรน้ำ ,2021-03-04 11:45:00+07:00,,0.24
STN0836,บ้านสามัคคีใหม่*,20.241488,99.766502,ภาคเหนือ,แม่สลองใน,แม่ฟ้าหลวง,เชียงราย,กรมทรัพยากรน้ำ ,2021-03-04 12:15:00+07:00,,0.23
STN0029,บ้านแม่สาย (บ้านถ้ำผาจม)*,20.440285,99.873360,ภาคเหนือ,เวียงพางคำ,แม่สาย,เชียงราย,กรมทรัพยากรน้ำ ,2021-03-04 12:15:00+07:00,,1.11
STN0837,บ้านเล่าชีก๋วย*,20.144605,99.851191,ภาคเหนือ,ป่าตึง,แม่จัน,เชียงราย,กรมทรัพยากรน้ำ ,2021-03-04 12:15:00+07:00,,0.95
STN0836,บ้านสามัคคีใหม่*,20.241488,99.766502,ภาคเหนือ,แม่สลองใน,แม่ฟ้าหลวง,เชียงราย,กรมทรัพยากรน้ำ ,2021-03-04 12:45:00+07:00,,0.22
STN0029,บ้านแม่สาย (บ้านถ้ำผาจม)*,20.440285,99.873360,ภาคเหนือ,เวียงพางคำ,แม่สาย,เชียงราย,กรมทรัพยากรน้ำ ,2021-03-04 12:45:00+07:00,,1.1
STN0837,บ้านเล่าชีก๋วย*,20.144605,99.851191,ภาคเหนือ,ป่าตึง,แม่จัน,เชียงราย,กรมทรัพยากรน้ำ ,2021-03-04 12:45:00+07:00,,0.95
STN0837,บ้านเล่าชีก๋วย*,20.144605,99.851191,ภาคเหนือ,ป่าตึง,แม่จัน,เชียงราย,กรมทรัพยากรน้ำ ,2021-03-04 13:15:00+07:00,,0.95
STN0029,บ้านแม่สาย (บ้านถ้ำผาจม)*,20.440285,99.873360,ภาคเหนือ,เวียงพางคำ,แม่สาย,เชียงราย,กรมทรัพยากรน้ำ ,2021-03-04 13:15:00+07:00,,1.1
STN0836,บ้านสามัคคีใหม่*,20.241488,99.766502,ภาคเหนือ,แม่สลองใน,แม่ฟ้าหลวง,เชียงราย,กรมทรัพยากรน้ำ ,2021-03-04 13:15:00+07:00,,0.23
STN0837,บ้านเล่าชีก๋วย*,20.144605,99.851191,ภาคเหนือ,ป่าตึง,แม่จัน,เชียงราย,กรมทรัพยากรน้ำ ,2021-03-04 13:45:00+07:00,,0.95
STN0029,บ้านแม่สาย (บ้านถ้ำผาจม)*,20.440285,99.873360,ภาคเหนือ,เวียงพางคำ,แม่สาย,เชียงราย,กรมทรัพยากรน้ำ ,2021-03-04 13:45:00+07:00,,1.1
STN0836,บ้านสามัคคีใหม่*,20.241488,99.766502,ภาคเหนือ,แม่สลองใน,แม่ฟ้าหลวง,เชียงราย,กรมทรัพยากรน้ำ ,2021-03-04 13:45:00+07:00,,0.22
STN0836,บ้านสามัคคีใหม่*,20.241488,99.766502,ภาคเหนือ,แม่สลองใน,แม่ฟ้าหลวง,เชียงราย,กรมทรัพยากรน้ำ ,2021-03-04 14:15:00+07:00,,0.23
STN0837,บ้านเล่าชีก๋วย*,20.144605,99.851191,ภาคเหนือ,ป่าตึง,แม่จัน,เชียงราย,กรมทรัพยากรน้ำ ,2021-03-04 14:15:00+07:00,,0.95
STN0029,บ้านแม่สาย (บ้านถ้ำผาจม)*,20.440285,99.873360,ภาคเหนือ,เวียงพางคำ,แม่สาย,เชียงราย,กรมทรัพยากรน้ำ ,2021-03-04 14:15:00+07:00,,1.11
STN0029,บ้านแม่สาย (บ้านถ้ำผาจม)*,20.440285,99.873360,ภาคเหนือ,เวียงพางคำ,แม่สาย,เชียงราย,กรมทรัพยากรน้ำ ,2021-03-04 14:45:00+07:00,,1.11
STN0837,บ้านเล่าชีก๋วย*,20.144605,99.851191,ภาคเหนือ,ป่าตึง,แม่จัน,เชียงราย,กรมทรัพยากรน้ำ ,2021-03-04 14:45:00+07:00,,0.95
STN0836,บ้านสามัคคีใหม่*,20.241488,99.766502,ภาคเหนือ,แม่สลองใน,แม่ฟ้าหลวง,เชียงราย,กรมทรัพยากรน้ำ ,2021-03-04 14:45:00+07:00,,0.23
STN0837,บ้านเล่าชีก๋วย*,20.144605,99.851191,ภาคเหนือ,ป่าตึง,แม่จัน,เชียงราย,กรมทรัพยากรน้ำ ,2021-03-04 15:15:00+07:00,,0.95
STN0029,บ้านแม่สาย (บ้านถ้ำผาจม)*,20.440285,99.873360,ภาคเหนือ,เวียงพางคำ,แม่สาย,เชียงราย,กรมทรัพยากรน้ำ ,2021-03-04 15:15:00+07:00,,1.1
STN0836,บ้านสามัคคีใหม่*,20.241488,99.766502,ภาคเหนือ,แม่สลองใน,แม่ฟ้าหลวง,เชียงราย,กรมทรัพยากรน้ำ ,2021-03-04 15:15:00+07:00,,0.23
STN0029,บ้านแม่สาย (บ้านถ้ำผาจม)*,20.440285,99.873360,ภาคเหนือ,เวียงพางคำ,แม่สาย,เชียงราย,กรมทรัพยากรน้ำ ,2021-03-04 15:45:00+07:00,,1.11
STN0836,บ้านสามัคคีใหม่*,20.241488,99.766502,ภาคเหนือ,แม่สลองใน,แม่ฟ้าหลวง,เชียงราย,กรมทรัพยากรน้ำ ,2021-03-04 15:45:00+07:00,,0.23
STN0837,บ้านเล่าชีก๋วย*,20.144605,99.851191,ภาคเหนือ,ป่าตึง,แม่จัน,เชียงราย,กรมทรัพยากรน้ำ ,2021-03-04 15:45:00+07:00,,0.95
STN0837,บ้านเล่าชีก๋วย*,20.144605,99.851191,ภาคเหนือ,ป่าตึง,แม่จัน,เชียงราย,กรมทรัพยากรน้ำ ,2021-03-04 16:15:00+07:00,,0.95
STN0029,บ้านแม่สาย (บ้านถ้ำผาจม)*,20.440285,99.873360,ภาคเหนือ,เวียงพางคำ,แม่สาย,เชียงราย,กรมทรัพยากรน้ำ ,2021-03-04 16:15:00+07:00,,1.1
STN0836,บ้านสามัคคีใหม่*,20.241488,99.766502,ภาคเหนือ,แม่สลองใน,แม่ฟ้าหลวง,เชียงราย,กรมทรัพยากรน้ำ ,2021-03-04 16:15:00+07:00,,0.24
STN0837,บ้านเล่าชีก๋วย*,20.144605,99.851191,ภาคเหนือ,ป่าตึง,แม่จัน,เชียงราย,กรมทรัพยากรน้ำ ,2021-03-04 16:45:00+07:00,,0.95
STN0029,บ้านแม่สาย (บ้านถ้ำผาจม)*,20.440285,99.873360,ภาคเหนือ,เวียงพางคำ,แม่สาย,เชียงราย,กรมทรัพยากรน้ำ ,2021-03-04 16:45:00+07:00,,1.11
STN0836,บ้านสามัคคีใหม่*,20.241488,99.766502,ภาคเหนือ,แม่สลองใน,แม่ฟ้าหลวง,เชียงราย,กรมทรัพยากรน้ำ ,2021-03-04 16:45:00+07:00,,0.24
STN0837,บ้านเล่าชีก๋วย*,20.144605,99.851191,ภาคเหนือ,ป่าตึง,แม่จัน,เชียงราย,กรมทรัพยากรน้ำ ,2021-03-04 17:15:00+07:00,,0.95
STN0029,บ้านแม่สาย (บ้านถ้ำผาจม)*,20.440285,99.873360,ภาคเหนือ,เวียงพางคำ,แม่สาย,เชียงราย,กรมทรัพยากรน้ำ ,2021-03-04 17:15:00+07:00,,1.1
STN0836,บ้านสามัคคีใหม่*,20.241488,99.766502,ภาคเหนือ,แม่สลองใน,แม่ฟ้าหลวง,เชียงราย,กรมทรัพยากรน้ำ ,2021-03-04 17:15:00+07:00,,0.23
STN0837,บ้านเล่าชีก๋วย*,20.144605,99.851191,ภาคเหนือ,ป่าตึง,แม่จัน,เชียงราย,กรมทรัพยากรน้ำ ,2021-03-04 17:45:00+07:00,,0.95
STN0029,บ้านแม่สาย (บ้านถ้ำผาจม)*,20.440285,99.873360,ภาคเหนือ,เวียงพางคำ,แม่สาย,เชียงราย,กรมทรัพยากรน้ำ ,2021-03-04 17:45:00+07:00,,1.11
STN0836,บ้านสามัคคีใหม่*,20.241488,99.766502,ภาคเหนือ,แม่สลองใน,แม่ฟ้าหลวง,เชียงราย,กรมทรัพยากรน้ำ ,2021-03-04 17:45:00+07:00,,0.24
STN0029,บ้านแม่สาย (บ้านถ้ำผาจม)*,20.440285,99.873360,ภาคเหนือ,เวียงพางคำ,แม่สาย,เชียงราย,กรมทรัพยากรน้ำ ,2021-03-04 18:15:00+07:00,,1.1
STN0836,บ้านสามัคคีใหม่*,20.241488,99.766502,ภาคเหนือ,แม่สลองใน,แม่ฟ้าหลวง,เชียงราย,กรมทรัพยากรน้ำ ,2021-03-04 18:15:00+07:00,,0.23
STN0837,บ้านเล่าชีก๋วย*,20.144605,99.851191,ภาคเหนือ,ป่าตึง,แม่จัน,เชียงราย,กรมทรัพยากรน้ำ ,2021-03-04 18:15:00+07:00,,0.95
STN0837,บ้านเล่าชีก๋วย*,20.144605,99.851191,ภาคเหนือ,ป่าตึง,แม่จัน,เชียงราย,กรมทรัพยากรน้ำ ,2021-03-04 18:45:00+07:00,,0.95
STN0029,บ้านแม่สาย (บ้านถ้ำผาจม)*,20.440285,99.873360,ภาคเหนือ,เวียงพางคำ,แม่สาย,เชียงราย,กรมทรัพยากรน้ำ ,2021-03-04 18:45:00+07:00,,1.1
STN0836,บ้านสามัคคีใหม่*,20.241488,99.766502,ภาคเหนือ,แม่สลองใน,แม่ฟ้าหลวง,เชียงราย,กรมทรัพยากรน้ำ ,2021-03-04 18:45:00+07:00,,0.22
STN0837,บ้านเล่าชีก๋วย*,20.144605,99.851191,ภาคเหนือ,ป่าตึง,แม่จัน,เชียงราย,กรมทรัพยากรน้ำ ,2021-03-04 19:15:00+07:00,,0.95
STN0836,บ้านสามัคคีใหม่*,20.241488,99.766502,ภาคเหนือ,แม่สลองใน,แม่ฟ้าหลวง,เชียงราย,กรมทรัพยากรน้ำ ,2021-03-04 19:15:00+07:00,,0.22
STN0029,บ้านแม่สาย (บ้านถ้ำผาจม)*,20.440285,99.873360,ภาคเหนือ,เวียงพางคำ,แม่สาย,เชียงราย,กรมทรัพยากรน้ำ ,2021-03-04 19:15:00+07:00,,1.1
STN0029,บ้านแม่สาย (บ้านถ้ำผาจม)*,20.440285,99.873360,ภาคเหนือ,เวียงพางคำ,แม่สาย,เชียงราย,กรมทรัพยากรน้ำ ,2021-03-04 19:45:00+07:00,,1.11
STN0836,บ้านสามัคคีใหม่*,20.241488,99.766502,ภาคเหนือ,แม่สลองใน,แม่ฟ้าหลวง,เชียงราย,กรมทรัพยากรน้ำ ,2021-03-04 19:45:00+07:00,,0.23
STN0837,บ้านเล่าชีก๋วย*,20.144605,99.851191,ภาคเหนือ,ป่าตึง,แม่จัน,เชียงราย,กรมทรัพยากรน้ำ ,2021-03-04 19:45:00+07:00,,0.95
STN0836,บ้านสามัคคีใหม่*,20.241488,99.766502,ภาคเหนือ,แม่สลองใน,แม่ฟ้าหลวง,เชียงราย,กรมทรัพยากรน้ำ ,2021-03-24 20:30:00+07:00,,0.19
STN0029,บ้านแม่สาย (บ้านถ้ำผาจม)*,20.440285,99.873360,ภาคเหนือ,เวียงพางคำ,แม่สาย,เชียงราย,กรมทรัพยากรน้ำ ,2021-03-30 17:00:00+07:00,,1.1
STN0837,บ้านเล่าชีก๋วย*,20.144605,99.851191,ภาคเหนือ,ป่าตึง,แม่จัน,เชียงราย,กรมทรัพยากรน้ำ ,2021-03-30 17:00:00+07:00,,0.94
STN0837,บ้านเล่าชีก๋วย*,20.144605,99.851191,ภาคเหนือ,ป่าตึง,แม่จัน,เชียงราย,กรมทรัพยากรน้ำ ,2021-03-30 17:30:00+07:00,,0.95
STN0029,บ้านแม่สาย (บ้านถ้ำผาจม)*,20.440285,99.873360,ภาคเหนือ,เวียงพางคำ,แม่สาย,เชียงราย,กรมทรัพยากรน้ำ ,2021-03-30 17:30:00+07:00,,1.1
STN0837,บ้านเล่าชีก๋วย*,20.144605,99.851191,ภาคเหนือ,ป่าตึง,แม่จัน,เชียงราย,กรมทรัพยากรน้ำ ,2021-03-30 18:00:00+07:00,,0.94
STN0029,บ้านแม่สาย (บ้านถ้ำผาจม)*,20.440285,99.873360,ภาคเหนือ,เวียงพางคำ,แม่สาย,เชียงราย,กรมทรัพยากรน้ำ ,2021-03-30 18:00:00+07:00,,1.09
STN0837,บ้านเล่าชีก๋วย*,20.144605,99.851191,ภาคเหนือ,ป่าตึง,แม่จัน,เชียงราย,กรมทรัพยากรน้ำ ,2021-03-30 18:30:00+07:00,,0.95
STN0029,บ้านแม่สาย (บ้านถ้ำผาจม)*,20.440285,99.873360,ภาคเหนือ,เวียงพางคำ,แม่สาย,เชียงราย,กรมทรัพยากรน้ำ ,2021-03-30 18:30:00+07:00,,1.1
STN0029,บ้านแม่สาย (บ้านถ้ำผาจม)*,20.440285,99.873360,ภาคเหนือ,เวียงพางคำ,แม่สาย,เชียงราย,กรมทรัพยากรน้ำ ,2021-03-30 19:00:00+07:00,,1.1
STN0837,บ้านเล่าชีก๋วย*,20.144605,99.851191,ภาคเหนือ,ป่าตึง,แม่จัน,เชียงราย,กรมทรัพยากรน้ำ ,2021-03-30 19:00:00+07:00,,0.94
STN0029,บ้านแม่สาย (บ้านถ้ำผาจม)*,20.440285,99.873360,ภาคเหนือ,เวียงพางคำ,แม่สาย,เชียงราย,กรมทรัพยากรน้ำ ,2021-03-30 19:30:00+07:00,,1.1
STN0837,บ้านเล่าชีก๋วย*,20.144605,99.851191,ภาคเหนือ,ป่าตึง,แม่จัน,เชียงราย,กรมทรัพยากรน้ำ ,2021-03-30 19:30:00+07:00,,0.95
STN0029,บ้านแม่สาย (บ้านถ้ำผาจม)*,20.440285,99.873360,ภาคเหนือ,เวียงพางคำ,แม่สาย,เชียงราย,กรมทรัพยากรน้ำ ,2021-03-30 19:45:00+07:00,,1.1
STN0837,บ้านเล่าชีก๋วย*,20.144605,99.851191,ภาคเหนือ,ป่าตึง,แม่จัน,เชียงราย,กรมทรัพยากรน้ำ ,2021-03-30 20:00:00+07:00,,0.94
STN0029,บ้านแม่สาย (บ้านถ้ำผาจม)*,20.440285,99.873360,ภาคเหนือ,เวียงพางคำ,แม่สาย,เชียงราย,กรมทรัพยากรน้ำ ,2021-03-30 20:30:00+07:00,,1.1
STN0837,บ้านเล่าชีก๋วย*,20.144605,99.851191,ภาคเหนือ,ป่าตึง,แม่จัน,เชียงราย,กรมทรัพยากรน้ำ ,2021-03-30 20:30:00+07:00,,0.95
STN0837,บ้านเล่าชีก๋วย*,20.144605,99.851191,ภาคเหนือ,ป่าตึง,แม่จัน,เชียงราย,กรมทรัพยากรน้ำ ,2021-03-30 21:00:00+07:00,,0.95
STN0029,บ้านแม่สาย (บ้านถ้ำผาจม)*,20.440285,99.873360,ภาคเหนือ,เวียงพางคำ,แม่สาย,เชียงราย,กรมทรัพยากรน้ำ ,2021-03-30 21:00:00+07:00,,1.1
STN0029,บ้านแม่สาย (บ้านถ้ำผาจม)*,20.440285,99.873360,ภาคเหนือ,เวียงพางคำ,แม่สาย,เชียงราย,กรมทรัพยากรน้ำ ,2021-03-30 21:30:00+07:00,,1.1
STN0837,บ้านเล่าชีก๋วย*,20.144605,99.851191,ภาคเหนือ,ป่าตึง,แม่จัน,เชียงราย,กรมทรัพยากรน้ำ ,2021-03-30 21:30:00+07:00,,0.95
STN0837,บ้านเล่าชีก๋วย*,20.144605,99.851191,ภาคเหนือ,ป่าตึง,แม่จัน,เชียงราย,กรมทรัพยากรน้ำ ,2021-03-30 22:00:00+07:00,,0.95
STN0029,บ้านแม่สาย (บ้านถ้ำผาจม)*,20.440285,99.873360,ภาคเหนือ,เวียงพางคำ,แม่สาย,เชียงราย,กรมทรัพยากรน้ำ ,2021-03-30 22:00:00+07:00,,1.1
STN0837,บ้านเล่าชีก๋วย*,20.144605,99.851191,ภาคเหนือ,ป่าตึง,แม่จัน,เชียงราย,กรมทรัพยากรน้ำ ,2021-03-30 22:30:00+07:00,,0.95
STN0029,บ้านแม่สาย (บ้านถ้ำผาจม)*,20.440285,99.873360,ภาคเหนือ,เวียงพางคำ,แม่สาย,เชียงราย,กรมทรัพยากรน้ำ ,2021-03-30 22:30:00+07:00,,1.1
STN0029,บ้านแม่สาย (บ้านถ้ำผาจม)*,20.440285,99.873360,ภาคเหนือ,เวียงพางคำ,แม่สาย,เชียงราย,กรมทรัพยากรน้ำ ,2021-03-30 23:00:00+07:00,,1.1
STN0837,บ้านเล่าชีก๋วย*,20.144605,99.851191,ภาคเหนือ,ป่าตึง,แม่จัน,เชียงราย,กรมทรัพยากรน้ำ ,2021-03-30 23:00:00+07:00,,0.95
STN0029,บ้านแม่สาย (บ้านถ้ำผาจม)*,20.440285,99.873360,ภาคเหนือ,เวียงพางคำ,แม่สาย,เชียงราย,กรมทรัพยากรน้ำ ,2021-03-30 23:30:00+07:00,,1.1
STN0837,บ้านเล่าชีก๋วย*,20.144605,99.851191,ภาคเหนือ,ป่าตึง,แม่จัน,เชียงราย,กรมทรัพยากรน้ำ ,2021-03-30 23:30:00+07:00,,0.95
STN0029,บ้านแม่สาย (บ้านถ้ำผาจม)*,20.440285,99.873360,ภาคเหนือ,เวียงพางคำ,แม่สาย,เชียงราย,กรมทรัพยากรน้ำ ,2021-03-31 00:00:00+07:00,,1.1
STN0837,บ้านเล่าชีก๋วย*,20.144605,99.851191,ภาคเหนือ,ป่าตึง,แม่จัน,เชียงราย,กรมทรัพยากรน้ำ ,2021-03-31 00:00:00+07:00,,0.95
STN0837,บ้านเล่าชีก๋วย*,20.144605,99.851191,ภาคเหนือ,ป่าตึง,แม่จัน,เชียงราย,กรมทรัพยากรน้ำ ,2021-03-31 00:30:00+07:00,,0.95
STN0029,บ้านแม่สาย (บ้านถ้ำผาจม)*,20.440285,99.873360,ภาคเหนือ,เวียงพางคำ,แม่สาย,เชียงราย,กรมทรัพยากรน้ำ ,2021-03-31 00:30:00+07:00,,1.1
STN0029,บ้านแม่สาย (บ้านถ้ำผาจม)*,20.440285,99.873360,ภาคเหนือ,เวียงพางคำ,แม่สาย,เชียงราย,กรมทรัพยากรน้ำ ,2021-03-31 01:00:00+07:00,,1.1
STN0837,บ้านเล่าชีก๋วย*,20.144605,99.851191,ภาคเหนือ,ป่าตึง,แม่จัน,เชียงราย,กรมทรัพยากรน้ำ ,2021-03-31 01:00:00+07:00,,0.95
STN0029,บ้านแม่สาย (บ้านถ้ำผาจม)*,20.440285,99.873360,ภาคเหนือ,เวียงพางคำ,แม่สาย,เชียงราย,กรมทรัพยากรน้ำ ,2021-03-31 01:30:00+07:00,,1.1
STN0837,บ้านเล่าชีก๋วย*,20.144605,99.851191,ภาคเหนือ,ป่าตึง,แม่จัน,เชียงราย,กรมทรัพยากรน้ำ ,2021-03-31 01:30:00+07:00,,0.95
STN0837,บ้านเล่าชีก๋วย*,20.144605,99.851191,ภาคเหนือ,ป่าตึง,แม่จัน,เชียงราย,กรมทรัพยากรน้ำ ,2021-03-31 02:00:00+07:00,,0.95
STN0029,บ้านแม่สาย (บ้านถ้ำผาจม)*,20.440285,99.873360,ภาคเหนือ,เวียงพางคำ,แม่สาย,เชียงราย,กรมทรัพยากรน้ำ ,2021-03-31 02:00:00+07:00,,1.1
STN0029,บ้านแม่สาย (บ้านถ้ำผาจม)*,20.440285,99.873360,ภาคเหนือ,เวียงพางคำ,แม่สาย,เชียงราย,กรมทรัพยากรน้ำ ,2021-03-31 02:30:00+07:00,,1.1
STN0837,บ้านเล่าชีก๋วย*,20.144605,99.851191,ภาคเหนือ,ป่าตึง,แม่จัน,เชียงราย,กรมทรัพยากรน้ำ ,2021-03-31 02:30:00+07:00,,0.94
STN0029,บ้านแม่สาย (บ้านถ้ำผาจม)*,20.440285,99.873360,ภาคเหนือ,เวียงพางคำ,แม่สาย,เชียงราย,กรมทรัพยากรน้ำ ,2021-03-31 03:00:00+07:00,,1.1
STN0837,บ้านเล่าชีก๋วย*,20.144605,99.851191,ภาคเหนือ,ป่าตึง,แม่จัน,เชียงราย,กรมทรัพยากรน้ำ ,2021-03-31 03:00:00+07:00,,0.94
STN0837,บ้านเล่าชีก๋วย*,20.144605,99.851191,ภาคเหนือ,ป่าตึง,แม่จัน,เชียงราย,กรมทรัพยากรน้ำ ,2021-03-31 04:00:00+07:00,,0.94
STN0029,บ้านแม่สาย (บ้านถ้ำผาจม)*,20.440285,99.873360,ภาคเหนือ,เวียงพางคำ,แม่สาย,เชียงราย,กรมทรัพยากรน้ำ ,2021-03-31 04:00:00+07:00,,1.1
STN0837,บ้านเล่าชีก๋วย*,20.144605,99.851191,ภาคเหนือ,ป่าตึง,แม่จัน,เชียงราย,กรมทรัพยากรน้ำ ,2021-03-31 04:30:00+07:00,,0.95
STN0029,บ้านแม่สาย (บ้านถ้ำผาจม)*,20.440285,99.873360,ภาคเหนือ,เวียงพางคำ,แม่สาย,เชียงราย,กรมทรัพยากรน้ำ ,2021-03-31 04:30:00+07:00,,1.1
STN0837,บ้านเล่าชีก๋วย*,20.144605,99.851191,ภาคเหนือ,ป่าตึง,แม่จัน,เชียงราย,กรมทรัพยากรน้ำ ,2021-03-31 05:00:00+07:00,,0.94
STN0029,บ้านแม่สาย (บ้านถ้ำผาจม)*,20.440285,99.873360,ภาคเหนือ,เวียงพางคำ,แม่สาย,เชียงราย,กรมทรัพยากรน้ำ ,2021-03-31 05:00:00+07:00,,1.1
STN0837,บ้านเล่าชีก๋วย*,20.144605,99.851191,ภาคเหนือ,ป่าตึง,แม่จัน,เชียงราย,กรมทรัพยากรน้ำ ,2021-03-31 05:30:00+07:00,,0.95
STN0029,บ้านแม่สาย (บ้านถ้ำผาจม)*,20.440285,99.873360,ภาคเหนือ,เวียงพางคำ,แม่สาย,เชียงราย,กรมทรัพยากรน้ำ ,2021-03-31 05:30:00+07:00,,1.1
STN0837,บ้านเล่าชีก๋วย*,20.144605,99.851191,ภาคเหนือ,ป่าตึง,แม่จัน,เชียงราย,กรมทรัพยากรน้ำ ,2021-03-31 06:00:00+07:00,,0.94
STN0029,บ้านแม่สาย (บ้านถ้ำผาจม)*,20.440285,99.873360,ภาคเหนือ,เวียงพางคำ,แม่สาย,เชียงราย,กรมทรัพยากรน้ำ ,2021-03-31 06:00:00+07:00,,1.1
STN0029,บ้านแม่สาย (บ้านถ้ำผาจม)*,20.440285,99.873360,ภาคเหนือ,เวียงพางคำ,แม่สาย,เชียงราย,กรมทรัพยากรน้ำ ,2021-03-31 06:30:00+07:00,,1.1
STN0837,บ้านเล่าชีก๋วย*,20.144605,99.851191,ภาคเหนือ,ป่าตึง,แม่จัน,เชียงราย,กรมทรัพยากรน้ำ ,2021-03-31 06:30:00+07:00,,0.95
STN0837,บ้านเล่าชีก๋วย*,20.144605,99.851191,ภาคเหนือ,ป่าตึง,แม่จัน,เชียงราย,กรมทรัพยากรน้ำ ,2021-03-31 07:00:00+07:00,,0.95
STN0029,บ้านแม่สาย (บ้านถ้ำผาจม)*,20.440285,99.873360,ภาคเหนือ,เวียงพางคำ,แม่สาย,เชียงราย,กรมทรัพยากรน้ำ ,2021-03-31 07:00:00+07:00,,1.1
STN0029,บ้านแม่สาย (บ้านถ้ำผาจม)*,20.440285,99.873360,ภาคเหนือ,เวียงพางคำ,แม่สาย,เชียงราย,กรมทรัพยากรน้ำ ,2021-03-31 07:30:00+07:00,,1.1
STN0837,บ้านเล่าชีก๋วย*,20.144605,99.851191,ภาคเหนือ,ป่าตึง,แม่จัน,เชียงราย,กรมทรัพยากรน้ำ ,2021-03-31 07:30:00+07:00,,0.94
STN0837,บ้านเล่าชีก๋วย*,20.144605,99.851191,ภาคเหนือ,ป่าตึง,แม่จัน,เชียงราย,กรมทรัพยากรน้ำ ,2021-03-31 08:00:00+07:00,,0.94
STN0029,บ้านแม่สาย (บ้านถ้ำผาจม)*,20.440285,99.873360,ภาคเหนือ,เวียงพางคำ,แม่สาย,เชียงราย,กรมทรัพยากรน้ำ ,2021-03-31 08:00:00+07:00,,1.1
STN0029,บ้านแม่สาย (บ้านถ้ำผาจม)*,20.440285,99.873360,ภาคเหนือ,เวียงพางคำ,แม่สาย,เชียงราย,กรมทรัพยากรน้ำ ,2021-03-31 08:30:00+07:00,,1.1
STN0837,บ้านเล่าชีก๋วย*,20.144605,99.851191,ภาคเหนือ,ป่าตึง,แม่จัน,เชียงราย,กรมทรัพยากรน้ำ ,2021-03-31 08:30:00+07:00,,0.95
STN0837,บ้านเล่าชีก๋วย*,20.144605,99.851191,ภาคเหนือ,ป่าตึง,แม่จัน,เชียงราย,กรมทรัพยากรน้ำ ,2021-03-31 09:00:00+07:00,,0.95
STN0029,บ้านแม่สาย (บ้านถ้ำผาจม)*,20.440285,99.873360,ภาคเหนือ,เวียงพางคำ,แม่สาย,เชียงราย,กรมทรัพยากรน้ำ ,2021-03-31 09:00:00+07:00,,1.11
STN0837,บ้านเล่าชีก๋วย*,20.144605,99.851191,ภาคเหนือ,ป่าตึง,แม่จัน,เชียงราย,กรมทรัพยากรน้ำ ,2021-03-31 09:30:00+07:00,,0.95
STN0029,บ้านแม่สาย (บ้านถ้ำผาจม)*,20.440285,99.873360,ภาคเหนือ,เวียงพางคำ,แม่สาย,เชียงราย,กรมทรัพยากรน้ำ ,2021-03-31 09:30:00+07:00,,1.1
STN0029,บ้านแม่สาย (บ้านถ้ำผาจม)*,20.440285,99.873360,ภาคเหนือ,เวียงพางคำ,แม่สาย,เชียงราย,กรมทรัพยากรน้ำ ,2021-03-31 10:00:00+07:00,,1.1
STN0837,บ้านเล่าชีก๋วย*,20.144605,99.851191,ภาคเหนือ,ป่าตึง,แม่จัน,เชียงราย,กรมทรัพยากรน้ำ ,2021-03-31 10:00:00+07:00,,0.94
STN0029,บ้านแม่สาย (บ้านถ้ำผาจม)*,20.440285,99.873360,ภาคเหนือ,เวียงพางคำ,แม่สาย,เชียงราย,กรมทรัพยากรน้ำ ,2021-03-31 10:30:00+07:00,,1.1
STN0837,บ้านเล่าชีก๋วย*,20.144605,99.851191,ภาคเหนือ,ป่าตึง,แม่จัน,เชียงราย,กรมทรัพยากรน้ำ ,2021-03-31 10:30:00+07:00,,0.95
STN0837,บ้านเล่าชีก๋วย*,20.144605,99.851191,ภาคเหนือ,ป่าตึง,แม่จัน,เชียงราย,กรมทรัพยากรน้ำ ,2021-03-31 11:00:00+07:00,,0.94
STN0029,บ้านแม่สาย (บ้านถ้ำผาจม)*,20.440285,99.873360,ภาคเหนือ,เวียงพางคำ,แม่สาย,เชียงราย,กรมทรัพยากรน้ำ ,2021-03-31 11:00:00+07:00,,1.09
STN0029,บ้านแม่สาย (บ้านถ้ำผาจม)*,20.440285,99.873360,ภาคเหนือ,เวียงพางคำ,แม่สาย,เชียงราย,กรมทรัพยากรน้ำ ,2021-03-31 11:30:00+07:00,,1.1
STN0837,บ้านเล่าชีก๋วย*,20.144605,99.851191,ภาคเหนือ,ป่าตึง,แม่จัน,เชียงราย,กรมทรัพยากรน้ำ ,2021-03-31 11:30:00+07:00,,0.95
STN0837,บ้านเล่าชีก๋วย*,20.144605,99.851191,ภาคเหนือ,ป่าตึง,แม่จัน,เชียงราย,กรมทรัพยากรน้ำ ,2021-03-31 12:00:00+07:00,,0.95
STN0029,บ้านแม่สาย (บ้านถ้ำผาจม)*,20.440285,99.873360,ภาคเหนือ,เวียงพางคำ,แม่สาย,เชียงราย,กรมทรัพยากรน้ำ ,2021-03-31 12:00:00+07:00,,1.09
STN0029,บ้านแม่สาย (บ้านถ้ำผาจม)*,20.440285,99.873360,ภาคเหนือ,เวียงพางคำ,แม่สาย,เชียงราย,กรมทรัพยากรน้ำ ,2021-03-31 12:30:00+07:00,,1.1
STN0837,บ้านเล่าชีก๋วย*,20.144605,99.851191,ภาคเหนือ,ป่าตึง,แม่จัน,เชียงราย,กรมทรัพยากรน้ำ ,2021-03-31 12:30:00+07:00,,0.95
STN0837,บ้านเล่าชีก๋วย*,20.144605,99.851191,ภาคเหนือ,ป่าตึง,แม่จัน,เชียงราย,กรมทรัพยากรน้ำ ,2021-03-31 13:00:00+07:00,,0.95
STN0029,บ้านแม่สาย (บ้านถ้ำผาจม)*,20.440285,99.873360,ภาคเหนือ,เวียงพางคำ,แม่สาย,เชียงราย,กรมทรัพยากรน้ำ ,2021-03-31 13:00:00+07:00,,1.09
STN0029,บ้านแม่สาย (บ้านถ้ำผาจม)*,20.440285,99.873360,ภาคเหนือ,เวียงพางคำ,แม่สาย,เชียงราย,กรมทรัพยากรน้ำ ,2021-03-31 13:30:00+07:00,,1.1
STN0837,บ้านเล่าชีก๋วย*,20.144605,99.851191,ภาคเหนือ,ป่าตึง,แม่จัน,เชียงราย,กรมทรัพยากรน้ำ ,2021-03-31 13:30:00+07:00,,0.95
STN0029,บ้านแม่สาย (บ้านถ้ำผาจม)*,20.440285,99.873360,ภาคเหนือ,เวียงพางคำ,แม่สาย,เชียงราย,กรมทรัพยากรน้ำ ,2021-03-31 14:00:00+07:00,,1.1
STN0837,บ้านเล่าชีก๋วย*,20.144605,99.851191,ภาคเหนือ,ป่าตึง,แม่จัน,เชียงราย,กรมทรัพยากรน้ำ ,2021-03-31 14:00:00+07:00,,0.95
STN0837,บ้านเล่าชีก๋วย*,20.144605,99.851191,ภาคเหนือ,ป่าตึง,แม่จัน,เชียงราย,กรมทรัพยากรน้ำ ,2021-03-31 14:30:00+07:00,,0.95
STN0029,บ้านแม่สาย (บ้านถ้ำผาจม)*,20.440285,99.873360,ภาคเหนือ,เวียงพางคำ,แม่สาย,เชียงราย,กรมทรัพยากรน้ำ ,2021-03-31 14:30:00+07:00,,1.11
STN0029,บ้านแม่สาย (บ้านถ้ำผาจม)*,20.440285,99.873360,ภาคเหนือ,เวียงพางคำ,แม่สาย,เชียงราย,กรมทรัพยากรน้ำ ,2021-03-31 15:00:00+07:00,,1.1
STN0837,บ้านเล่าชีก๋วย*,20.144605,99.851191,ภาคเหนือ,ป่าตึง,แม่จัน,เชียงราย,กรมทรัพยากรน้ำ ,2021-03-31 15:00:00+07:00,,0.95
STN0837,บ้านเล่าชีก๋วย*,20.144605,99.851191,ภาคเหนือ,ป่าตึง,แม่จัน,เชียงราย,กรมทรัพยากรน้ำ ,2021-03-31 15:30:00+07:00,,0.94
STN0029,บ้านแม่สาย (บ้านถ้ำผาจม)*,20.440285,99.873360,ภาคเหนือ,เวียงพางคำ,แม่สาย,เชียงราย,กรมทรัพยากรน้ำ ,2021-03-31 15:30:00+07:00,,1.1
STN0029,บ้านแม่สาย (บ้านถ้ำผาจม)*,20.440285,99.873360,ภาคเหนือ,เวียงพางคำ,แม่สาย,เชียงราย,กรมทรัพยากรน้ำ ,2021-03-31 16:00:00+07:00,,1.1
STN0837,บ้านเล่าชีก๋วย*,20.144605,99.851191,ภาคเหนือ,ป่าตึง,แม่จัน,เชียงราย,กรมทรัพยากรน้ำ ,2021-03-31 16:00:00+07:00,,0.95
STN0029,บ้านแม่สาย (บ้านถ้ำผาจม)*,20.440285,99.873360,ภาคเหนือ,เวียงพางคำ,แม่สาย,เชียงราย,กรมทรัพยากรน้ำ ,2021-03-31 16:30:00+07:00,,1.1
STN0837,บ้านเล่าชีก๋วย*,20.144605,99.851191,ภาคเหนือ,ป่าตึง,แม่จัน,เชียงราย,กรมทรัพยากรน้ำ ,2021-03-31 16:30:00+07:00,,0.94
STN0029,บ้านแม่สาย (บ้านถ้ำผาจม)*,20.440285,99.873360,ภาคเหนือ,เวียงพางคำ,แม่สาย,เชียงราย,กรมทรัพยากรน้ำ ,2021-03-31 17:00:00+07:00,,1.1
STN0837,บ้านเล่าชีก๋วย*,20.144605,99.851191,ภาคเหนือ,ป่าตึง,แม่จัน,เชียงราย,กรมทรัพยากรน้ำ ,2021-03-31 17:00:00+07:00,,0.95
STN0029,บ้านแม่สาย (บ้านถ้ำผาจม)*,20.440285,99.873360,ภาคเหนือ,เวียงพางคำ,แม่สาย,เชียงราย,กรมทรัพยากรน้ำ ,2021-03-31 17:30:00+07:00,,1.1
STN0837,บ้านเล่าชีก๋วย*,20.144605,99.851191,ภาคเหนือ,ป่าตึง,แม่จัน,เชียงราย,กรมทรัพยากรน้ำ ,2021-03-31 17:30:00+07:00,,0.94
STN0029,บ้านแม่สาย (บ้านถ้ำผาจม)*,20.440285,99.873360,ภาคเหนือ,เวียงพางคำ,แม่สาย,เชียงราย,กรมทรัพยากรน้ำ ,2021-03-31 18:00:00+07:00,,1.1
STN0837,บ้านเล่าชีก๋วย*,20.144605,99.851191,ภาคเหนือ,ป่าตึง,แม่จัน,เชียงราย,กรมทรัพยากรน้ำ ,2021-03-31 18:00:00+07:00,,0.95
STN0837,บ้านเล่าชีก๋วย*,20.144605,99.851191,ภาคเหนือ,ป่าตึง,แม่จัน,เชียงราย,กรมทรัพยากรน้ำ ,2021-03-31 18:30:00+07:00,,0.95
STN0029,บ้านแม่สาย (บ้านถ้ำผาจม)*,20.440285,99.873360,ภาคเหนือ,เวียงพางคำ,แม่สาย,เชียงราย,กรมทรัพยากรน้ำ ,2021-03-31 18:30:00+07:00,,1.1
STN0029,บ้านแม่สาย (บ้านถ้ำผาจม)*,20.440285,99.873360,ภาคเหนือ,เวียงพางคำ,แม่สาย,เชียงราย,กรมทรัพยากรน้ำ ,2021-03-31 19:00:00+07:00,,1.1
STN0837,บ้านเล่าชีก๋วย*,20.144605,99.851191,ภาคเหนือ,ป่าตึง,แม่จัน,เชียงราย,กรมทรัพยากรน้ำ ,2021-03-31 19:00:00+07:00,,0.95
STN0029,บ้านแม่สาย (บ้านถ้ำผาจม)*,20.440285,99.873360,ภาคเหนือ,เวียงพางคำ,แม่สาย,เชียงราย,กรมทรัพยากรน้ำ ,2021-03-31 19:30:00+07:00,,1.1
STN0837,บ้านเล่าชีก๋วย*,20.144605,99.851191,ภาคเหนือ,ป่าตึง,แม่จัน,เชียงราย,กรมทรัพยากรน้ำ ,2021-03-31 19:30:00+07:00,,0.95
STN0837,บ้านเล่าชีก๋วย*,20.144605,99.851191,ภาคเหนือ,ป่าตึง,แม่จัน,เชียงราย,กรมทรัพยากรน้ำ ,2021-03-31 20:00:00+07:00,,0.95
STN0029,บ้านแม่สาย (บ้านถ้ำผาจม)*,20.440285,99.873360,ภาคเหนือ,เวียงพางคำ,แม่สาย,เชียงราย,กรมทรัพยากรน้ำ ,2021-03-31 20:00:00+07:00,,1.1
STN0837,บ้านเล่าชีก๋วย*,20.144605,99.851191,ภาคเหนือ,ป่าตึง,แม่จัน,เชียงราย,กรมทรัพยากรน้ำ ,2021-03-31 20:30:00+07:00,,0.95
STN0029,บ้านแม่สาย (บ้านถ้ำผาจม)*,20.440285,99.873360,ภาคเหนือ,เวียงพางคำ,แม่สาย,เชียงราย,กรมทรัพยากรน้ำ ,2021-03-31 20:30:00+07:00,,1.1
STN0837,บ้านเล่าชีก๋วย*,20.144605,99.851191,ภาคเหนือ,ป่าตึง,แม่จัน,เชียงราย,กรมทรัพยากรน้ำ ,2021-03-31 21:00:00+07:00,,0.95
STN0029,บ้านแม่สาย (บ้านถ้ำผาจม)*,20.440285,99.873360,ภาคเหนือ,เวียงพางคำ,แม่สาย,เชียงราย,กรมทรัพยากรน้ำ ,2021-03-31 21:00:00+07:00,,1.1
STN0837,บ้านเล่าชีก๋วย*,20.144605,99.851191,ภาคเหนือ,ป่าตึง,แม่จัน,เชียงราย,กรมทรัพยากรน้ำ ,2021-03-31 21:30:00+07:00,,0.94
STN0029,บ้านแม่สาย (บ้านถ้ำผาจม)*,20.440285,99.873360,ภาคเหนือ,เวียงพางคำ,แม่สาย,เชียงราย,กรมทรัพยากรน้ำ ,2021-03-31 21:30:00+07:00,,1.11
STN0029,บ้านแม่สาย (บ้านถ้ำผาจม)*,20.440285,99.873360,ภาคเหนือ,เวียงพางคำ,แม่สาย,เชียงราย,กรมทรัพยากรน้ำ ,2021-03-31 22:00:00+07:00,,1.1
STN0837,บ้านเล่าชีก๋วย*,20.144605,99.851191,ภาคเหนือ,ป่าตึง,แม่จัน,เชียงราย,กรมทรัพยากรน้ำ ,2021-03-31 22:00:00+07:00,,0.95
STN0837,บ้านเล่าชีก๋วย*,20.144605,99.851191,ภาคเหนือ,ป่าตึง,แม่จัน,เชียงราย,กรมทรัพยากรน้ำ ,2021-03-31 22:30:00+07:00,,0.94
STN0029,บ้านแม่สาย (บ้านถ้ำผาจม)*,20.440285,99.873360,ภาคเหนือ,เวียงพางคำ,แม่สาย,เชียงราย,กรมทรัพยากรน้ำ ,2021-03-31 22:30:00+07:00,,1.1
STN0029,บ้านแม่สาย (บ้านถ้ำผาจม)*,20.440285,99.873360,ภาคเหนือ,เวียงพางคำ,แม่สาย,เชียงราย,กรมทรัพยากรน้ำ ,2021-03-31 23:00:00+07:00,,1.1
STN0837,บ้านเล่าชีก๋วย*,20.144605,99.851191,ภาคเหนือ,ป่าตึง,แม่จัน,เชียงราย,กรมทรัพยากรน้ำ ,2021-03-31 23:00:00+07:00,,0.95
STN0837,บ้านเล่าชีก๋วย*,20.144605,99.851191,ภาคเหนือ,ป่าตึง,แม่จัน,เชียงราย,กรมทรัพยากรน้ำ ,2021-03-31 23:30:00+07:00,,0.95
STN0029,บ้านแม่สาย (บ้านถ้ำผาจม)*,20.440285,99.873360,ภาคเหนือ,เวียงพางคำ,แม่สาย,เชียงราย,กรมทรัพยากรน้ำ ,2021-03-31 23:30:00+07:00,,1.1
